RK,Name,POS,GP,MIN,PTS,FGM,FGA,FG%,3PM,3PA,3P%,FTM,FTA,FT%,REB,AST,STL,BLK,TO,DD2,TD3,PER
,Joel EmbiidPHI,C,68,33.8,30.6,9.8,19.6,49.9,1.4,3.7,37.1,9.6,11.8,81.4,11.7,4.2,1.1,1.5,3.1,46,2,31.24
,LeBron JamesLAL,SF,56,37.2,30.3,11.4,21.8,52.4,2.9,8.0,35.9,4.5,6.0,75.6,8.2,6.2,1.3,1.1,3.5,21,6,26.25
,Giannis AntetokounmpoMIL,PF,67,32.9,29.9,10.3,18.6,55.3,1.1,3.6,29.3,8.3,11.4,72.2,11.6,5.8,1.1,1.4,3.3,46,4,32.12
,Kevin DurantBKN,PF,55,37.2,29.9,10.5,20.3,51.8,2.1,5.5,38.3,6.8,7.4,91.0,7.4,6.4,0.9,0.9,3.5,18,4,25.69
,Luka DoncicDAL,PG,65,35.4,28.4,9.9,21.6,45.7,3.1,8.8,35.3,5.6,7.5,74.4,9.1,8.7,1.2,0.6,4.5,44,10,25.13
,Trae YoungATL,PG,76,34.9,28.4,9.4,20.3,46.0,3.1,8.0,38.2,6.6,7.3,90.4,3.7,9.7,0.9,0.1,4.0,42,0,25.48
,DeMar DeRozanCHI,SF,76,36.1,27.9,10.2,20.2,50.4,0.7,1.9,35.2,6.8,7.8,87.7,5.2,4.9,0.9,0.3,2.4,6,0,23.13
,Kyrie IrvingBKN,PG,29,37.7,27.4,10.0,21.2,46.9,3.4,8.2,41.8,4.1,4.4,91.5,4.4,5.8,1.4,0.6,2.5,2,0,21.49
,Ja MorantMEM,PG,57,33.1,27.4,10.2,20.6,49.3,1.5,4.5,34.4,5.5,7.3,76.1,5.7,6.7,1.2,0.4,3.4,10,1,24.53
,Nikola JokicDEN,C,74,33.5,27.1,10.3,17.7,58.3,1.3,3.9,33.7,5.1,6.3,81.0,13.8,7.9,1.5,0.9,3.8,66,19,32.94
,Jayson TatumBOS,SF,76,35.9,26.9,9.3,20.6,45.3,3.0,8.6,35.3,5.3,6.2,85.3,8.0,4.4,1.0,0.6,2.9,22,0,21.87
,Devin BookerPHX,SG,68,34.5,26.8,9.7,20.9,46.6,2.7,7.0,38.3,4.6,5.3,86.8,5.0,4.8,1.1,0.4,2.4,5,0,21.38
,Donovan MitchellUTAH,SG,67,33.8,25.9,9.2,20.5,44.8,3.5,9.8,35.5,4.0,4.7,85.3,4.2,5.3,1.5,0.2,3.0,3,0,21.64
,Stephen CurryGS,PG,64,34.5,25.5,8.4,19.1,43.7,4.5,11.7,38.0,4.3,4.7,92.3,5.2,6.3,1.3,0.4,3.2,12,2,21.47
,Karl-Anthony TownsMIN,C,74,33.4,24.6,8.7,16.4,52.9,2.0,4.9,41.0,5.2,6.3,82.2,9.8,3.6,1.0,1.1,3.1,40,1,24.21
,Shai Gilgeous-AlexanderOKC,PG,56,34.7,24.5,8.5,18.8,45.3,1.6,5.3,30.0,5.9,7.2,81.0,5.0,5.9,1.3,0.8,2.8,6,1,20.99
,Zach LaVineCHI,SG,67,34.7,24.4,8.4,17.7,47.6,2.8,7.1,38.9,4.8,5.6,85.3,4.6,4.5,0.6,0.3,2.6,0,0,20.08
,Paul GeorgeLAC,SG,31,34.7,24.3,8.6,20.5,42.1,2.9,8.3,35.4,4.1,4.8,85.8,6.9,5.7,2.2,0.4,4.1,7,0,18.67
,Damian LillardPOR,PG,29,36.4,24.0,7.7,19.0,40.2,3.2,9.8,32.4,5.5,6.2,87.8,4.1,7.3,0.6,0.4,2.9,8,0,18.53
,Jaylen BrownBOS,SG,66,33.6,23.6,8.7,18.4,47.3,2.5,7.0,35.8,3.7,4.8,75.8,6.1,3.5,1.1,0.3,2.7,11,2,18.98
,Bradley BealWSH,SG,40,36.0,23.2,8.7,19.3,45.1,1.6,5.3,30.0,4.2,5.1,83.3,4.7,6.6,0.9,0.4,3.4,4,0,17.58
,Anthony DavisLAL,PF,40,35.1,23.2,9.3,17.4,53.2,0.3,1.8,18.6,4.4,6.1,71.3,9.9,3.1,1.2,2.3,2.1,19,0,23.97
,De'Aaron FoxSAC,PG,59,35.3,23.2,8.7,18.5,47.3,1.3,4.2,29.7,4.4,5.9,75.0,3.9,5.6,1.2,0.4,2.8,5,0,17.49
,Pascal SiakamTOR,PF,68,37.9,22.8,8.8,17.8,49.4,1.1,3.2,34.4,4.2,5.6,74.9,8.5,5.3,1.3,0.6,2.7,30,2,20.31
,Brandon IngramNO,SF,55,34.0,22.7,8.2,17.9,46.1,1.3,4.1,32.7,4.8,5.9,82.6,5.8,5.6,0.6,0.5,2.7,7,0,18.78
,CJ McCollumPOR/NO,SG,62,34.6,22.1,8.6,18.8,46.0,2.9,7.6,38.8,1.9,2.7,68.2,4.3,5.1,1.1,0.4,2.0,3,0,18.41
,James HardenBKN/PHI,SG,65,37.2,22.0,6.3,15.3,41.0,2.3,6.9,33.0,7.2,8.2,87.7,7.7,10.3,1.3,0.6,4.4,42,11,20.92
,Darius GarlandCLE,PG,68,35.7,21.7,8.0,17.3,46.2,2.6,6.7,38.3,3.2,3.5,89.2,3.3,8.6,1.3,0.1,3.6,29,1,19.04
,Jimmy ButlerMIA,SF,57,33.9,21.4,7.0,14.5,48.0,0.5,2.0,23.3,6.9,8.0,87.0,5.9,5.5,1.6,0.5,2.1,12,4,23.65
,Anthony EdwardsMIN,SG,72,34.3,21.3,7.6,17.3,44.1,3.0,8.4,35.7,3.1,3.9,78.6,4.8,3.8,1.5,0.6,2.6,4,0,16.55
,Dejounte MurraySA,SG,68,34.8,21.1,8.4,18.3,46.2,1.4,4.3,32.7,2.9,3.6,79.4,8.3,9.2,2.0,0.3,2.6,39,13,22.32
,Tyler HerroMIA,PG,66,32.6,20.7,7.6,17.0,44.7,2.7,6.7,39.9,2.9,3.3,86.8,5.0,4.0,0.7,0.1,2.6,3,0,16.30
,Klay ThompsonGS,SG,32,29.4,20.4,7.7,17.9,42.9,3.6,9.3,38.5,1.4,1.6,90.2,3.9,2.8,0.5,0.5,1.3,0,0,16.81
,Fred VanVleetTOR,SG,65,37.9,20.3,6.8,16.9,40.3,3.7,9.9,37.7,3.0,3.4,87.4,4.4,6.7,1.7,0.5,2.6,10,1,17.38
,Kristaps PorzingisWSH/DAL,C,51,29.0,20.2,6.9,15.0,45.9,1.5,4.9,31.0,4.9,5.6,86.7,8.1,2.3,0.7,1.6,1.6,15,0,23.78
,Miles BridgesCHA,SF,80,35.5,20.2,7.5,15.2,49.1,1.9,5.8,33.1,3.3,4.2,80.2,7.0,3.8,0.9,0.8,1.9,15,0,17.97
,LaMelo BallCHA,PG,75,32.3,20.1,7.2,16.7,42.9,2.9,7.5,38.9,2.8,3.2,87.2,6.7,7.6,1.6,0.4,3.3,23,5,19.76
,Julius RandleNY,PF,72,35.3,20.1,7.1,17.3,41.1,1.7,5.4,30.8,4.2,5.6,75.6,9.9,5.1,0.7,0.5,3.4,31,1,15.80
,Khris MiddletonMIL,SF,66,32.4,20.1,6.8,15.5,44.3,2.5,6.6,37.3,3.9,4.4,89.0,5.4,5.4,1.2,0.3,2.9,4,0,18.19
,RJ BarrettNY,SG,70,34.5,20.0,7.0,17.1,40.8,2.0,5.8,34.2,4.1,5.8,71.4,5.8,3.0,0.6,0.2,2.2,4,0,13.72
,Terry RozierCHA,SG,73,33.7,19.3,7.1,16.0,44.4,3.0,8.1,37.4,2.1,2.4,85.2,4.3,4.5,1.3,0.3,1.3,3,1,17.62
,Jerami GrantDET,SF,47,31.9,19.2,6.3,14.9,42.6,1.9,5.4,35.8,4.6,5.5,83.8,4.1,2.4,0.9,1.0,1.8,1,0,16.12
,Malcolm BrogdonIND,PG,36,33.5,19.1,6.8,15.1,44.8,1.6,5.2,31.2,4.0,4.6,85.6,5.1,5.9,0.8,0.4,2.1,6,1,18.10
,Bam AdebayoMIA,C,56,32.6,19.1,7.3,13.0,55.7,0.0,0.1,0.0,4.6,6.1,75.3,10.1,3.4,1.4,0.8,2.6,27,0,21.91
,Norman PowellPOR/LAC,SF,45,32.4,19.0,6.2,13.4,46.1,2.4,5.6,41.9,4.2,5.2,81.1,3.2,2.1,0.9,0.5,1.5,0,0,16.33
,Domantas SabonisIND/SAC,PF,62,34.5,18.9,7.1,12.5,57.3,0.6,2.0,31.2,4.0,5.4,74.1,12.1,5.2,1.0,0.4,3.1,46,5,21.93
,Jordan PooleGS,SG,76,30.0,18.5,6.2,13.9,44.8,2.8,7.6,36.4,3.2,3.5,92.5,3.4,4.0,0.8,0.3,2.5,2,0,16.20
,Russell WestbrookLAL,PG,78,34.3,18.5,7.0,15.8,44.4,1.0,3.4,29.8,3.4,5.1,66.7,7.4,7.1,1.0,0.3,3.8,28,10,15.01
,Dillon BrooksMEM,SF,32,27.7,18.4,7.1,16.4,43.2,1.4,4.7,30.9,2.8,3.3,84.9,3.2,2.8,1.1,0.3,1.6,0,0,15.55
,Gary Trent Jr.TOR,SG,70,35.0,18.3,6.4,15.5,41.4,3.0,7.8,38.3,2.5,2.9,85.3,2.7,2.0,1.7,0.3,1.0,0,0,14.71
,Jrue HolidayMIL,PG,67,32.9,18.3,7.1,14.2,50.1,2.0,4.8,41.1,2.0,2.7,76.1,4.5,6.8,1.6,0.4,2.7,12,0,19.84
,Desmond BaneMEM,SG,76,29.8,18.2,6.7,14.5,46.1,3.0,6.9,43.6,1.8,2.0,90.3,4.4,2.7,1.2,0.4,1.5,0,0,17.62
,D'Angelo RussellMIN,PG,65,32.0,18.1,6.2,15.0,41.1,2.7,8.0,34.0,3.0,3.7,82.5,3.3,7.1,1.0,0.3,2.5,12,0,16.36
,Bojan BogdanovicUTAH,SF,69,30.9,18.1,6.1,13.4,45.5,2.6,6.8,38.7,3.2,3.8,85.8,4.3,1.7,0.5,0.0,1.7,3,0,15.71
,Christian WoodHOU,C,68,30.8,17.9,6.5,12.9,50.1,1.9,4.9,39.0,3.0,4.9,62.3,10.1,2.3,0.8,1.0,1.9,33,0,19.18
,Jonas ValanciunasNO,C,74,30.3,17.8,6.9,12.7,54.4,0.8,2.1,36.1,3.2,3.9,82.0,11.4,2.6,0.6,0.8,2.4,50,0,21.30
,Nikola VucevicCHI,C,73,33.1,17.6,7.5,15.8,47.3,1.4,4.5,31.4,1.3,1.7,76.0,11.0,3.2,1.0,1.0,1.9,44,0,18.27
,Tyrese MaxeyPHI,PG,75,35.3,17.5,6.4,13.3,48.5,1.8,4.1,42.7,2.8,3.3,86.6,3.2,4.3,0.7,0.4,1.2,1,0,16.27
,Cade CunninghamDET,PG,64,32.6,17.4,6.7,16.1,41.6,1.8,5.7,31.4,2.2,2.6,84.5,5.5,5.6,1.2,0.7,3.7,10,2,13.12
,Anfernee SimonsPOR,SG,57,29.5,17.3,6.2,14.0,44.3,3.1,7.8,40.5,1.8,2.0,88.8,2.6,3.9,0.5,0.1,2.0,2,0,15.34
,Jalen GreenHOU,SG,67,31.9,17.3,6.1,14.2,42.6,2.3,6.8,34.3,2.8,3.5,79.7,3.4,2.6,0.7,0.3,2.0,0,0,12.56
,Tobias HarrisPHI,PF,73,34.8,17.2,6.8,14.0,48.2,1.4,3.8,36.7,2.3,2.8,84.2,6.8,3.5,0.6,0.6,1.6,9,1,16.00
,Andrew WigginsGS,SF,73,31.9,17.2,6.5,14.0,46.6,2.2,5.5,39.3,2.0,3.2,63.4,4.5,2.2,1.0,0.7,1.5,1,0,15.04
,Luguentz DortOKC,SF,51,32.6,17.2,5.7,14.2,40.4,2.5,7.7,33.2,3.2,3.7,84.3,4.2,1.7,0.9,0.4,1.7,0,0,12.31
,Deandre AytonPHX,C,58,29.5,17.2,7.6,12.0,63.4,0.1,0.3,36.8,1.8,2.4,74.6,10.2,1.4,0.7,0.7,1.6,30,0,21.99
,O.G. AnunobyTOR,SF,48,36.0,17.1,6.4,14.5,44.3,2.4,6.6,36.3,1.9,2.5,75.4,5.5,2.6,1.5,0.5,1.7,3,0,14.84
,Kyle KuzmaWSH,SF,66,33.4,17.1,6.4,14.2,45.2,1.9,5.7,34.1,2.4,3.3,71.2,8.5,3.5,0.6,0.9,2.6,24,1,15.21
,Keldon JohnsonSA,SF,75,31.9,17.0,6.3,13.5,46.6,2.1,5.3,39.8,2.4,3.1,75.6,6.1,2.1,0.8,0.2,1.2,6,0,15.26
,Caris LeVertIND/CLE,SG,58,30.7,17.0,6.5,14.7,44.4,1.4,4.4,32.0,2.5,3.3,75.6,3.7,4.3,0.9,0.4,1.9,1,0,15.12
,Reggie JacksonLAC,PG,75,31.2,16.8,6.4,16.3,39.2,2.2,6.8,32.6,1.8,2.2,84.7,3.6,4.8,0.7,0.2,2.3,5,0,12.19
,Harrison BarnesSAC,SF,77,33.6,16.4,5.1,10.8,46.9,1.8,4.7,39.4,4.4,5.4,82.6,5.6,2.4,0.7,0.2,1.5,5,0,15.75
,Cole AnthonyORL,PG,65,31.7,16.3,5.5,14.0,39.1,2.0,6.0,33.8,3.3,3.9,85.4,5.4,5.7,0.7,0.3,2.6,9,0,13.55
,Jaren Jackson Jr.MEM,PF,78,27.3,16.3,5.5,13.3,41.5,1.6,5.1,31.9,3.6,4.4,82.3,5.8,1.1,0.9,2.3,1.7,7,0,17.09
,Jalen BrunsonDAL,PG,79,31.9,16.3,6.4,12.8,50.2,1.2,3.2,37.3,2.3,2.7,84.0,3.9,4.8,0.8,0.0,1.6,7,0,17.14
,John CollinsATL,PF,54,30.8,16.2,6.3,11.9,52.6,1.2,3.3,36.4,2.5,3.1,79.3,7.8,1.8,0.6,1.0,1.1,16,0,18.75
,Jarrett AllenCLE,C,56,32.3,16.1,6.6,9.7,67.7,0.0,0.2,10.0,2.9,4.2,70.8,10.8,1.6,0.8,1.3,1.7,32,0,23.08
,Saddiq BeyDET,SF,82,33.0,16.1,5.5,13.9,39.6,2.6,7.4,34.6,2.6,3.1,82.7,5.4,2.8,0.9,0.2,1.2,6,0,14.08
,Jordan ClarksonUTAH,PG,79,27.1,16.0,5.9,14.1,41.9,2.4,7.6,31.8,1.8,2.2,82.8,3.5,2.5,0.8,0.2,1.6,1,0,14.96
,Collin SextonCLE,PG,11,28.7,16.0,6.2,13.7,45.0,1.0,4.1,24.4,2.6,3.5,74.4,3.3,2.1,0.9,0.0,2.8,0,0,11.27
,Gordon HaywardCHA,SF,49,31.9,15.9,5.8,12.6,45.9,1.8,4.5,39.1,2.6,3.0,84.6,4.6,3.6,1.0,0.4,1.7,1,0,15.11
,Buddy HieldIND/SAC,SG,81,30.9,15.6,5.5,13.6,40.6,3.2,8.8,36.6,1.4,1.6,87.4,4.4,2.8,0.9,0.3,1.9,1,0,12.90
,Rudy GobertUTAH,C,66,32.1,15.6,5.5,7.7,71.3,0.0,0.1,0.0,4.6,6.7,69.0,14.7,1.1,0.7,2.1,1.8,53,0,24.76
,Kevin Porter Jr.HOU,SG,61,31.3,15.6,5.5,13.2,41.5,2.5,6.8,37.5,2.0,3.2,64.2,4.4,6.2,1.1,0.4,3.1,10,1,13.56
,Marcus Morris Sr.LAC,SF,54,29.0,15.4,5.6,12.8,43.4,1.9,5.1,36.7,2.4,2.7,87.2,4.4,2.1,0.5,0.3,1.3,2,0,13.74
,Tyrese HaliburtonIND/SAC,PG,77,35.0,15.3,5.6,11.8,47.3,2.1,5.1,41.4,2.1,2.5,84.2,4.0,8.2,1.7,0.6,2.6,25,0,18.25
,Scottie BarnesTOR,SF,74,35.4,15.3,6.2,12.6,49.2,0.8,2.6,30.1,2.1,2.9,73.5,7.5,3.5,1.1,0.7,1.8,13,0,16.37
,Franz WagnerORL,SF,79,30.7,15.2,5.8,12.3,46.8,1.2,3.4,35.4,2.4,2.8,86.3,4.5,2.9,0.9,0.4,1.5,2,0,14.75
,Bogdan BogdanovicATL,SG,63,29.3,15.1,5.4,12.6,43.1,2.7,7.3,36.8,1.5,1.8,84.3,4.0,3.1,1.1,0.2,1.1,0,0,15.49
,Jusuf NurkicPOR,C,56,28.2,15.0,5.7,10.7,53.5,0.3,1.0,26.8,3.3,4.8,69.0,11.1,2.8,1.1,0.6,2.6,30,0,20.10
,Wendell Carter Jr.ORL,C,62,29.9,15.0,5.8,11.0,52.5,1.1,3.5,32.7,2.3,3.3,69.1,10.5,2.8,0.6,0.7,1.9,33,0,18.41
,Aaron GordonDEN,PF,75,31.7,15.0,5.8,11.1,52.0,1.2,3.5,33.5,2.3,3.1,74.3,5.9,2.5,0.6,0.6,1.8,6,0,15.38
,Seth CurryBKN/PHI,SG,64,33.3,15.0,5.6,11.5,48.7,2.5,5.8,42.2,1.3,1.5,87.2,3.1,3.6,0.8,0.2,1.7,1,0,13.70
,Evan MobleyCLE,PF,69,33.8,15.0,6.1,12.0,50.8,0.3,1.3,25.0,2.4,3.7,66.3,8.3,2.5,0.8,1.7,1.9,21,0,16.15
,Kelly Oubre Jr.CHA,SG,76,26.3,15.0,5.4,12.3,44.0,2.5,7.3,34.5,1.7,2.5,66.7,4.0,1.1,1.0,0.4,0.9,1,0,15.01
,Josh HartPOR/NO,SG,54,33.2,14.9,5.3,10.5,50.4,1.4,3.9,34.3,3.0,3.9,75.8,7.2,4.1,1.1,0.2,2.1,12,0,16.18
,Lauri MarkkanenCLE,PF,61,30.8,14.8,5.1,11.5,44.5,2.2,6.2,35.8,2.3,2.6,86.8,5.7,1.3,0.7,0.5,0.9,3,0,14.76
,Chris PaulPHX,PG,65,32.9,14.7,5.6,11.3,49.3,1.0,3.1,31.7,2.6,3.1,83.7,4.4,10.8,1.9,0.3,2.4,34,2,20.86
,Jaylen HoardOKC,F,7,34.3,14.7,6.3,12.9,48.9,1.3,3.6,36.0,0.9,2.0,42.9,12.0,2.4,0.9,0.7,1.1,4,0,18.05
,Will BartonDEN,SF,71,32.1,14.7,5.5,12.6,43.8,2.2,6.1,36.5,1.4,1.8,80.3,4.8,3.9,0.8,0.4,1.8,1,0,13.42
,Bobby PortisMIL,F,72,28.2,14.6,5.8,12.1,47.9,1.8,4.7,39.3,1.2,1.6,75.2,9.1,1.2,0.7,0.7,1.3,24,0,17.79
,Tim Hardaway Jr.DAL,SF,42,29.6,14.2,5.0,12.6,39.4,2.4,7.2,33.6,1.9,2.5,75.7,3.7,2.2,0.9,0.1,0.8,0,0,12.79
,Mikal BridgesPHX,SF,82,34.8,14.2,5.6,10.5,53.4,1.4,3.8,36.9,1.6,1.9,83.4,4.2,2.3,1.2,0.4,0.8,0,0,14.49
,Evan FournierNY,SG,80,29.5,14.1,5.0,12.1,41.7,3.0,7.7,38.9,1.0,1.4,70.8,2.6,2.1,1.0,0.3,1.3,0,0,12.34
,Malik MonkLAL,SG,76,28.1,13.8,5.1,10.9,47.3,2.3,5.8,39.1,1.2,1.5,79.5,3.4,2.9,0.8,0.4,1.6,1,0,14.49
,Spencer DinwiddieWSH/DAL,PG,67,29.6,13.7,4.6,11.0,41.6,1.7,4.9,33.9,2.9,3.8,77.4,4.2,5.2,0.7,0.2,1.6,7,1,15.14
,Mike ConleyUTAH,PG,72,28.6,13.7,4.8,11.0,43.5,2.3,5.8,40.8,1.8,2.3,79.6,3.0,5.3,1.3,0.3,1.7,2,0,17.28
,Kevin LoveCLE,PF,74,22.5,13.6,4.4,10.3,43.0,2.5,6.4,39.2,2.2,2.7,83.8,7.2,2.2,0.4,0.2,1.3,15,0,19.67
,Dennis SchroderBOS/HOU,PG,64,28.7,13.5,4.9,11.3,43.1,1.3,3.9,34.4,2.5,2.9,85.3,3.3,4.6,0.8,0.1,2.2,1,0,13.10
,Jakob PoeltlSA,C,68,29.0,13.5,6.0,9.8,61.8,0.0,0.0,100.0,1.4,2.8,49.5,9.3,2.8,0.7,1.7,1.6,28,0,20.85
,Eric GordonHOU,SG,57,29.3,13.4,4.7,9.9,47.5,2.2,5.3,41.2,1.8,2.4,77.8,2.0,2.7,0.5,0.3,1.9,0,0,12.17
,Kyle LowryMIA,PG,63,33.9,13.4,4.4,10.0,44.0,2.3,6.1,37.7,2.3,2.8,85.1,4.5,7.5,1.1,0.3,2.7,16,2,15.02
,De'Andre HunterATL,SF,53,29.8,13.4,4.8,10.8,44.2,1.4,3.7,37.9,2.4,3.1,76.5,3.3,1.3,0.7,0.4,1.3,2,0,10.66
,Carmelo AnthonyLAL,PF,69,26.0,13.3,4.6,10.5,44.1,2.2,5.8,37.5,1.9,2.3,83.0,4.2,1.0,0.7,0.8,0.9,1,0,14.80
,Derrick WhiteSA/BOS,PG,75,29.3,13.2,4.5,10.7,42.1,1.5,4.9,31.2,2.7,3.1,86.4,3.5,4.9,0.9,0.8,1.6,2,0,14.89
,Kentavious Caldwell-PopeWSH,SG,77,30.2,13.2,4.7,10.8,43.5,2.1,5.3,39.0,1.8,2.0,89.0,3.4,1.9,1.1,0.3,1.3,2,0,12.60
,Montrezl HarrellWSH/CHA,C,71,23.1,13.1,5.0,7.8,64.5,0.1,0.2,23.5,3.0,4.2,71.6,6.1,2.0,0.4,0.6,1.0,7,0,23.26
,Chris DuarteIND,SG,55,28.0,13.1,4.9,11.3,43.2,1.7,4.6,36.9,1.6,2.0,80.4,4.1,2.1,1.0,0.2,1.6,0,0,12.31
,Ricky RubioIND/CLE,PG,34,28.5,13.1,4.4,12.1,36.3,1.7,5.1,33.9,2.6,3.0,85.4,4.1,6.6,1.4,0.2,2.6,5,0,14.01
,Lonzo BallCHI,PG,35,34.6,13.0,4.6,10.9,42.3,3.1,7.4,42.3,0.6,0.8,75.0,5.4,5.1,1.8,0.9,2.3,3,1,14.49
,LaMarcus AldridgeBKN,C,47,22.3,12.9,5.4,9.7,55.0,0.3,1.0,30.4,1.9,2.2,87.3,5.5,0.9,0.3,1.0,0.9,2,0,19.69
,Brandon WilliamsPOR,PG,24,26.7,12.9,4.4,11.8,37.2,1.3,4.4,29.2,2.8,4.0,70.1,3.1,3.9,1.0,0.4,2.4,2,0,11.04
,Myles TurnerIND,C,42,29.4,12.9,4.8,9.4,50.9,1.5,4.4,33.3,1.9,2.5,75.2,7.1,1.0,0.7,2.8,1.3,9,0,17.45
,Coby WhiteCHI,PG,61,27.5,12.7,4.6,10.6,43.3,2.2,5.8,38.5,1.3,1.5,85.7,3.0,2.9,0.5,0.2,1.1,1,0,12.60
,Monte MorrisDEN,PG,75,29.9,12.6,5.0,10.3,48.4,1.7,4.2,39.5,1.0,1.1,86.9,3.0,4.4,0.7,0.2,1.0,0,0,14.75
,Josh GiddeyOKC,SG,54,31.5,12.5,5.2,12.4,41.9,1.0,3.9,26.3,1.0,1.5,70.9,7.8,6.4,0.9,0.4,3.2,16,4,13.34
,Cameron JohnsonPHX,SF,66,26.2,12.5,4.2,9.2,46.0,2.5,5.9,42.5,1.5,1.7,86.0,4.1,1.5,0.9,0.2,0.7,0,0,15.26
,Brook LopezMIL,C,13,22.9,12.4,4.7,10.1,46.6,1.5,4.1,35.8,1.5,1.8,87.0,4.1,0.5,0.6,1.2,0.9,0,0,16.06
,Victor OladipoMIA,SG,8,21.6,12.4,4.4,9.1,47.9,1.9,4.5,41.7,1.8,2.4,73.7,2.9,3.5,0.6,0.1,2.0,1,0,16.86
,Devin VassellSA,SG,71,27.3,12.3,4.6,10.8,42.7,1.9,5.4,36.1,1.2,1.4,83.8,4.3,1.9,1.1,0.6,0.8,1,0,13.39
,Lonnie Walker IVSA,G,70,23.0,12.1,4.4,10.9,40.7,1.6,5.0,31.4,1.7,2.1,78.4,2.6,2.2,0.6,0.3,1.0,0,0,12.41
,Marcus SmartBOS,PG,71,32.3,12.1,4.2,10.1,41.8,1.7,5.1,33.1,2.0,2.5,79.3,3.8,5.9,1.7,0.3,2.2,2,0,13.67
,Malik BeasleyMIN,SG,79,25.0,12.1,4.2,10.8,39.1,3.0,8.1,37.7,0.6,0.8,81.7,2.9,1.5,0.5,0.2,0.5,0,0,11.91
,Kevin HuerterATL,SG,74,29.6,12.1,4.7,10.3,45.4,2.2,5.6,38.9,0.6,0.7,80.8,3.4,2.7,0.7,0.4,1.2,1,0,11.91
,Derrick RoseNY,PG,26,24.5,12.0,4.7,10.5,44.5,1.4,3.5,40.2,1.2,1.2,96.8,3.0,4.0,0.8,0.5,1.5,0,0,16.93
,Luke KennardLAC,SG,70,27.4,11.9,4.1,9.1,44.9,2.7,6.0,44.9,1.0,1.1,89.6,3.3,2.1,0.6,0.1,0.9,1,0,13.31
,Devonte' GrahamNO,PG,76,28.4,11.9,3.9,10.7,36.3,2.5,7.4,34.1,1.6,1.8,84.3,2.3,4.2,0.9,0.2,1.4,0,0,12.10
,Jae'Sean TateHOU,SF,78,26.4,11.8,4.7,9.3,49.8,0.8,2.6,31.2,1.7,2.4,70.7,5.4,2.8,0.9,0.5,1.8,7,0,14.36
,Jalen SuggsORL,SG,48,27.2,11.8,4.1,11.4,36.1,0.9,4.1,21.4,2.6,3.4,77.3,3.6,4.4,1.2,0.4,3.0,2,0,8.66
,Danilo GallinariATL,PF,66,25.3,11.7,3.9,9.0,43.4,1.7,4.5,38.1,2.1,2.4,90.4,4.7,1.5,0.4,0.2,0.6,2,0,14.35
,Alec BurksNY,SG,81,28.6,11.7,3.5,9.0,39.1,1.9,4.8,40.4,2.7,3.3,82.2,4.9,3.0,1.0,0.3,1.1,2,0,13.72
,Kemba WalkerNY,PG,37,25.6,11.6,4.0,10.0,40.3,2.0,5.4,36.7,1.6,1.9,84.5,3.0,3.5,0.7,0.2,1.3,1,1,13.96
,Cameron OliverATL,F,2,21.5,11.5,5.0,7.5,66.7,0.5,1.5,33.3,1.0,1.5,66.7,3.0,1.5,0.5,0.5,0.0,0,0,21.49
,Davion MitchellSAC,PG,75,27.7,11.5,4.7,11.2,41.8,1.3,4.3,31.6,0.7,1.1,65.9,2.2,4.2,0.7,0.3,1.5,3,0,10.84
,Patty MillsBKN,PG,81,29.0,11.4,4.0,9.8,40.8,2.8,7.0,40.0,0.6,0.7,81.4,1.9,2.3,0.6,0.2,0.9,0,0,10.43
,Doug McDermottSA,SF,51,24.0,11.3,4.2,9.1,46.2,2.1,5.0,42.2,0.8,1.0,78.4,2.3,1.3,0.3,0.1,0.8,0,0,11.47
,Rui HachimuraWSH,PF,42,22.5,11.3,4.5,9.1,49.1,1.3,2.9,44.7,1.1,1.6,69.7,3.8,1.1,0.5,0.2,0.8,0,0,14.91
,Immanuel QuickleyNY,SG,78,23.1,11.3,3.6,9.3,39.2,1.8,5.1,34.6,2.3,2.6,88.1,3.2,3.5,0.7,0.0,1.3,4,2,14.59
,Joe HarrisBKN,SF,14,30.2,11.3,4.0,8.9,45.2,2.9,6.3,46.6,0.4,0.4,83.3,4.0,1.0,0.5,0.1,1.1,0,0,9.64
,Marvin Bagley IIISAC/DET,PF,48,23.9,11.3,4.7,9.3,50.4,0.5,2.0,23.7,1.4,2.1,66.3,7.0,0.8,0.5,0.4,0.8,7,0,15.79
,Gary HarrisORL,SG,61,28.4,11.1,3.9,9.1,43.4,1.9,5.0,38.4,1.4,1.6,87.4,2.0,1.8,1.0,0.1,1.0,0,0,10.89
,Grayson AllenMIL,SG,66,27.3,11.1,3.9,8.6,44.8,2.4,5.9,40.9,1.0,1.1,86.5,3.4,1.5,0.7,0.3,0.7,0,0,12.77
,Clint CapelaATL,C,74,27.6,11.1,5.0,8.2,61.3,0.0,0.0,0.0,1.1,2.3,47.3,11.9,1.2,0.7,1.3,0.6,35,0,21.43
,Dorian Finney-SmithDAL,PF,80,33.1,11.0,4.1,8.7,47.1,2.2,5.4,39.5,0.7,1.0,67.5,4.7,1.9,1.1,0.5,1.0,1,0,12.56
,Zavier SimpsonOKC,G,4,43.5,11.0,4.8,13.0,36.5,0.3,2.0,12.5,1.3,1.3,100.0,5.3,7.5,1.3,1.0,2.5,0,0,7.71
,Hamidou DialloDET,SG,58,21.9,11.0,4.5,9.1,49.6,0.4,1.6,24.7,1.6,2.4,65.0,4.8,1.3,1.2,0.3,1.0,5,0,15.77
,Duncan RobinsonMIA,F,79,25.9,10.9,3.7,9.2,39.9,2.9,7.9,37.2,0.6,0.8,83.6,2.6,1.6,0.5,0.2,0.8,0,0,10.65
,De'Anthony MeltonMEM,SG,73,22.7,10.8,3.8,9.5,40.4,1.9,5.1,37.4,1.2,1.6,75.0,4.5,2.7,1.4,0.5,1.5,2,0,15.23
,Markelle FultzORL,PG,18,20.0,10.8,4.6,9.7,47.4,0.2,0.9,23.5,1.4,1.7,80.6,2.7,5.5,1.1,0.3,2.2,1,0,17.75
,Darius BazleyOKC,PF,69,27.9,10.8,4.0,9.4,42.2,1.2,3.9,29.7,1.7,2.5,68.8,6.3,1.4,0.8,1.0,1.3,7,0,12.62
,Cameron PaynePHX,PG,58,22.0,10.8,4.1,10.1,40.9,1.2,3.6,33.6,1.3,1.5,84.3,3.0,4.9,0.7,0.3,1.8,3,0,13.87
,Terance MannLAC,SG,81,28.6,10.8,4.1,8.5,48.4,0.9,2.6,36.5,1.6,2.0,78.0,5.2,2.6,0.7,0.3,1.0,6,0,13.40
,Cedi OsmanCLE,SF,66,22.2,10.7,3.7,8.7,43.2,1.9,5.4,35.7,1.3,2.0,66.4,2.2,2.0,0.8,0.2,1.0,0,0,13.33
,Melvin Frazier Jr.OKC,G,3,40.0,10.7,4.3,16.0,27.1,0.3,7.0,4.8,1.7,2.3,71.4,4.3,0.3,0.3,0.0,1.0,0,0,-0.41
,Mo BambaORL,C,71,25.7,10.6,4.2,8.7,48.0,1.5,4.0,38.1,0.8,1.0,78.1,8.1,1.2,0.5,1.7,1.1,20,0,16.50
,Nickeil Alexander-WalkerNO/UTAH,SG,65,22.6,10.6,3.9,10.5,37.2,1.6,5.2,31.1,1.2,1.7,74.3,2.9,2.4,0.7,0.4,1.4,2,0,10.57
,Max StrusMIA,SG,68,23.3,10.6,3.7,8.3,44.1,2.7,6.5,41.0,0.6,0.8,79.2,3.0,1.4,0.4,0.2,0.8,0,0,12.75
,Frank JacksonDET,PG,53,22.0,10.6,3.7,9.1,40.2,1.6,5.3,30.8,1.6,2.0,82.7,1.6,1.0,0.5,0.2,0.7,0,0,10.67
,Frank KaminskyPHX,PF,9,20.1,10.6,4.0,7.3,54.5,0.6,1.7,33.3,2.0,2.2,90.0,4.6,1.4,0.9,0.8,0.6,0,0,21.32
,Trey LylesSAC/DET,PF,75,20.5,10.5,3.5,7.5,46.6,0.9,2.8,32.1,2.6,3.2,80.2,5.1,1.2,0.4,0.4,1.0,3,0,16.47
,Tre MannOKC,PG,60,22.8,10.4,3.9,9.8,39.3,1.6,4.5,36.0,1.1,1.4,79.3,2.9,1.5,0.8,0.2,1.2,0,0,10.29
,Brandon ClarkeMEM,PF,64,19.5,10.4,4.5,7.0,64.4,0.1,0.3,22.7,1.3,2.0,65.4,5.3,1.3,0.6,1.1,0.5,4,0,23.75
,Richaun HolmesSAC,C,45,23.9,10.4,4.4,6.7,66.0,0.0,0.1,40.0,1.6,2.0,77.8,7.0,1.1,0.4,0.9,1.2,8,0,17.80
,Terence DavisSAC,SG,30,17.9,10.4,3.8,8.9,42.3,1.6,5.0,32.9,1.2,1.5,81.8,3.1,1.3,0.8,0.4,1.1,0,0,14.62
,Ivica ZubacLAC,C,76,24.4,10.3,4.1,6.5,62.6,0.0,0.0,0.0,2.2,3.0,72.7,8.5,1.6,0.5,1.0,1.5,25,0,19.25
,Jeff GreenDEN,PF,75,24.7,10.3,3.7,7.1,52.4,0.7,2.2,31.5,2.2,2.6,83.3,3.1,1.3,0.4,0.4,0.9,1,0,12.51
,P.J. WashingtonCHA,PF,65,27.2,10.3,3.8,8.2,47.0,1.7,4.6,36.5,0.9,1.2,71.6,5.2,2.3,0.9,0.9,1.3,3,0,13.60
,Josh RichardsonBOS/SA,SG,65,24.6,10.2,3.6,8.2,43.8,1.6,3.8,41.5,1.5,1.7,88.9,2.8,1.8,0.9,0.4,1.0,0,0,12.80
,Ben McLemorePOR,SG,64,20.1,10.2,3.4,8.4,40.1,2.4,6.5,36.2,1.1,1.4,81.8,1.6,0.9,0.6,0.2,0.9,0,0,11.72
,Al HorfordBOS,C,69,29.1,10.2,3.9,8.2,46.7,1.3,3.8,33.6,1.2,1.4,84.2,7.7,3.4,0.7,1.3,0.9,15,0,16.71
,Cam ReddishATL/NY,SF,49,20.7,10.1,3.4,8.3,40.4,1.3,3.8,35.9,2.1,2.3,90.2,2.1,1.0,1.0,0.3,1.2,0,0,12.85
,Justin HolidayIND/SAC,SF,74,27.8,10.1,3.5,8.9,39.4,2.4,6.5,36.7,0.7,0.8,80.6,2.6,1.7,0.8,0.4,0.9,0,0,9.56
,Bones HylandDEN,PG,69,19.0,10.1,3.3,8.3,40.3,1.9,5.2,36.6,1.6,1.8,85.6,2.7,2.8,0.6,0.3,1.2,1,0,14.44
,Isaiah RobyOKC,PF,45,21.1,10.1,3.7,7.2,51.4,1.0,2.2,44.4,1.7,2.6,67.2,4.8,1.6,0.8,0.8,1.0,4,0,18.35
,Devin CannadyORL,G,5,29.0,10.0,3.0,8.8,34.1,3.0,7.4,40.5,1.0,1.4,71.4,1.2,2.0,1.0,0.6,1.0,0,0,8.66
,Garrison MathewsHOU,SG,65,26.3,10.0,2.8,7.1,39.9,2.1,5.9,36.0,2.2,2.8,79.4,2.9,1.0,0.9,0.4,0.6,0,0,11.02
,Terrence RossORL,SG,63,23.0,10.0,3.5,8.8,39.7,1.2,4.2,29.2,1.8,2.1,86.2,2.6,1.8,0.4,0.2,1.2,0,0,10.07
,Robert Williams IIIBOS,C,61,29.6,10.0,4.4,6.0,73.6,0.0,0.0,0.0,1.1,1.5,72.2,9.6,2.0,0.9,2.2,1.0,25,1,22.10
,Talen Horton-TuckerLAL,SG,60,25.2,10.0,3.7,9.0,41.6,0.8,3.0,26.9,1.7,2.1,80.0,3.2,2.7,1.0,0.5,1.4,1,0,11.07
,Pat ConnaughtonMIL,SG,65,26.0,9.9,3.5,7.6,45.8,2.2,5.7,39.5,0.7,0.8,83.3,4.2,1.3,0.9,0.2,0.5,0,0,13.45
,Eric BledsoePOR/LAC,SG,54,25.2,9.9,3.6,8.7,42.1,0.9,3.0,31.3,1.6,2.2,76.1,3.4,4.2,1.3,0.4,2.1,2,0,12.58
,Michael Porter Jr.DEN,SF,9,29.4,9.9,4.1,11.4,35.9,1.1,5.3,20.8,0.6,1.0,55.6,6.6,1.9,1.1,0.2,1.3,1,0,7.57
,Duane Washington Jr.IND,PG,48,20.2,9.9,3.6,8.9,40.5,1.7,4.5,37.7,1.0,1.3,75.4,1.7,1.8,0.5,0.1,1.2,0,0,10.30
,Nassir LittlePOR,SF,42,25.9,9.8,3.5,7.5,46.0,1.2,3.7,33.1,1.6,2.2,73.4,5.6,1.3,0.6,0.9,1.0,3,0,13.55
,Terry TaylorIND,SF,33,21.6,9.6,4.1,6.7,61.4,0.4,1.2,31.6,1.1,1.5,70.6,5.2,1.2,0.4,0.2,0.7,2,0,19.07
,Alperen SengunHOU,C,72,20.7,9.6,3.5,7.3,47.4,0.4,1.6,24.8,2.3,3.2,71.1,5.5,2.6,0.8,0.9,2.0,8,0,16.02
,Herbert JonesNO,SF,78,29.9,9.5,3.5,7.4,47.6,0.7,2.2,33.7,1.8,2.1,84.0,3.8,2.1,1.7,0.8,1.3,1,0,12.35
,Jae CrowderPHX,PF,67,28.1,9.4,3.2,8.1,39.9,1.9,5.4,34.8,1.1,1.3,78.9,5.3,1.9,1.4,0.4,0.8,1,0,11.33
,Chris BoucherTOR,PF,80,21.1,9.4,3.4,7.2,46.4,0.9,2.9,29.7,1.9,2.4,77.7,6.2,0.3,0.6,0.9,0.5,10,0,17.96
,Daniel GaffordWSH,C,72,20.1,9.4,4.0,5.7,69.3,0.0,0.0,0.0,1.5,2.1,69.9,5.7,0.9,0.4,1.4,0.9,8,0,21.81
,Jaxson HayesNO,C,70,20.0,9.3,3.5,5.7,61.6,0.3,0.8,35.1,2.1,2.7,76.6,4.5,0.6,0.5,0.8,0.8,4,0,18.56
,Jonathan KumingaGS,PF,70,16.9,9.3,3.4,6.6,51.3,0.7,2.1,33.6,1.9,2.7,68.4,3.3,0.9,0.4,0.3,1.1,2,0,15.29
,Jaden McDanielsMIN,PF,70,25.8,9.2,3.6,7.9,46.0,1.1,3.6,31.7,0.8,1.0,80.3,4.2,1.1,0.7,0.8,1.1,0,0,10.31
,Jalen SmithIND/PHX,PF,51,18.1,9.2,3.5,6.9,50.3,0.8,2.4,32.8,1.5,2.0,76.5,6.0,0.5,0.3,0.8,0.8,9,0,18.50
,Georges NiangPHI,SF,76,22.8,9.2,3.2,7.4,43.7,2.1,5.1,40.3,0.7,0.8,88.1,2.7,1.3,0.4,0.2,0.8,0,0,10.70
,Reggie PerryPOR/IND,F,10,18.7,9.2,4.0,7.9,50.6,0.3,1.6,18.8,0.9,1.5,60.0,4.7,1.2,0.9,0.6,1.1,1,0,15.63
,Patrick BeverleyMIN,PG,58,25.4,9.2,3.1,7.5,40.6,1.4,4.2,34.3,1.7,2.3,72.2,4.1,4.6,1.2,0.9,1.3,2,0,14.80
,JaVale McGeePHX,C,74,15.8,9.2,3.9,6.2,62.9,0.0,0.1,22.2,1.4,2.0,69.9,6.7,0.6,0.3,1.1,1.3,10,0,22.65
,Caleb MartinMIA,SF,60,22.9,9.2,3.5,6.8,50.7,1.1,2.6,41.3,1.2,1.6,76.3,3.8,1.1,1.0,0.5,0.9,1,0,14.82
,Oshae BrissettIND,SF,67,23.3,9.1,3.1,7.6,41.1,1.2,3.5,35.0,1.7,2.4,69.5,5.3,1.1,0.7,0.4,0.8,5,0,12.92
,Kelly OlynykDET,PF,40,19.1,9.1,3.2,7.2,44.8,1.0,3.0,33.6,1.7,2.2,77.5,4.4,2.8,0.8,0.5,1.5,1,0,16.73
,Precious AchiuwaTOR,PF,73,23.6,9.1,3.6,8.3,43.9,0.8,2.1,35.9,1.1,1.8,59.5,6.5,1.1,0.5,0.6,1.2,6,0,12.69
,Willy HernangomezNO,C,50,16.8,9.1,3.4,6.5,52.0,0.1,0.2,33.3,2.2,2.8,77.3,6.8,1.3,0.4,0.4,1.0,9,0,22.30
,Donte DiVincenzoSAC/MIL,SG,42,23.9,9.0,2.8,8.0,35.1,1.8,5.2,33.9,1.7,2.0,84.3,4.0,2.8,1.1,0.2,1.7,0,0,11.31
,Obi ToppinNY,PF,72,17.1,9.0,3.5,6.6,53.1,0.7,2.3,30.8,1.3,1.7,75.8,3.7,1.1,0.3,0.5,0.8,3,0,18.40
,Patrick WilliamsCHI,PF,17,24.8,9.0,3.2,6.0,52.9,0.9,1.7,51.7,1.8,2.4,73.2,4.1,0.9,0.5,0.5,0.9,1,0,12.76
,Bruce BrownBKN,SF,72,24.6,9.0,3.6,7.0,50.6,0.5,1.3,40.4,1.3,1.8,75.8,4.8,2.1,1.1,0.7,0.8,1,0,15.03
,Amir CoffeyLAC,SG,69,22.7,9.0,3.1,6.8,45.3,1.4,3.7,37.8,1.5,1.7,86.3,2.9,1.8,0.6,0.2,0.7,1,0,13.08
,DeMarcus CousinsMIL/DEN,C,48,14.9,9.0,3.1,6.8,46.0,0.8,2.5,30.3,2.0,2.6,76.0,5.6,1.5,0.7,0.4,1.8,2,0,18.26
,Moritz WagnerORL,C,63,15.2,9.0,3.1,6.3,49.7,1.0,3.2,32.8,1.7,2.0,80.6,3.7,1.4,0.3,0.2,0.9,3,0,18.13
,Chimezie MetuSAC,PF,60,21.3,8.9,3.4,7.5,45.2,1.0,3.1,30.6,1.2,1.5,78.0,5.6,1.0,0.9,0.5,1.0,6,0,13.40
,Bryn ForbesSA/DEN,SG,75,17.1,8.8,3.1,7.2,42.9,1.6,3.9,41.4,1.1,1.2,90.8,1.2,1.0,0.3,0.1,0.7,0,0,11.60
,Ayo DosunmuCHI,SG,77,27.4,8.8,3.6,6.9,52.0,0.9,2.4,37.6,0.7,1.0,67.9,2.8,3.3,0.8,0.4,1.4,4,0,11.23
,Kenyon Martin Jr.HOU,F,79,21.0,8.8,3.5,6.6,53.3,0.8,2.1,35.7,1.0,1.6,63.4,3.8,1.3,0.4,0.5,0.8,2,0,14.38
,Isaac OkoroCLE,SF,67,29.6,8.8,3.1,6.4,48.0,0.8,2.3,35.0,1.8,2.3,76.8,3.0,1.8,0.8,0.3,0.9,0,0,10.39
,Dwight PowellDAL,C,82,21.9,8.7,3.3,4.9,67.1,0.2,0.5,35.1,2.0,2.6,78.3,4.9,1.2,0.5,0.5,0.8,2,0,18.10
,Nic ClaxtonBKN,PF,47,20.7,8.7,3.8,5.6,67.4,0.0,0.0,0.0,1.1,2.0,58.1,5.6,0.9,0.5,1.1,0.8,4,0,18.66
,Gabe VincentMIA,PG,68,23.4,8.7,3.1,7.5,41.7,1.8,4.8,36.8,0.6,0.8,81.5,1.9,3.1,0.9,0.2,1.4,0,0,10.64
,Tyus JonesMEM,PG,73,21.2,8.7,3.4,7.6,45.1,1.1,2.8,39.0,0.7,0.9,81.8,2.4,4.4,0.9,0.0,0.6,2,0,16.55
,Chuma OkekeORL,PF,70,25.0,8.6,3.1,8.2,37.6,1.7,5.3,31.8,0.8,0.9,84.6,5.0,1.7,1.4,0.6,0.8,3,0,12.08
,Reggie BullockDAL,SF,68,28.0,8.6,3.0,7.4,40.1,2.1,5.8,36.0,0.6,0.7,83.3,3.5,1.2,0.6,0.2,0.6,0,0,9.25
,Cam ThomasBKN,SG,67,17.6,8.5,3.3,7.5,43.3,0.7,2.6,27.0,1.3,1.6,82.9,2.4,1.2,0.5,0.1,0.8,0,0,11.80
,Robert CovingtonPOR/LAC,PF,71,27.3,8.5,2.9,7.0,42.0,1.8,4.8,37.8,0.8,1.0,84.1,5.5,1.3,1.5,1.3,1.1,1,0,12.46
,Jaylen NowellMIN,SG,62,15.7,8.5,3.2,6.7,47.5,1.0,2.6,39.4,1.2,1.5,78.3,2.0,2.1,0.4,0.2,0.6,0,0,16.89
,T.J. McConnellIND,PG,27,24.1,8.5,3.7,7.7,48.1,0.4,1.2,30.3,0.7,0.9,82.6,3.3,4.9,1.1,0.4,1.1,1,0,15.23
,Mitchell RobinsonNY,C,72,25.7,8.5,3.6,4.8,76.1,0.0,0.0,0.0,1.2,2.5,48.6,8.6,0.5,0.8,1.8,0.8,20,0,20.78
,Isaiah ThomasLAL/DAL/CHA,G,22,15.1,8.4,3.0,7.6,40.1,1.3,3.8,33.7,1.0,1.2,84.6,1.3,1.5,0.3,0.2,0.7,0,0,12.08
,Deni AvdijaWSH,SF,82,24.2,8.4,3.0,7.1,43.2,1.0,3.2,31.7,1.3,1.7,75.7,5.2,2.0,0.7,0.5,1.1,3,0,11.62
,Lance StephensonIND/ATL,G,46,17.7,8.3,3.2,7.0,45.5,0.6,2.0,30.0,1.4,1.7,78.8,2.8,3.6,0.5,0.1,1.6,3,0,13.68
,Nicolas BatumLAC,PF,59,24.8,8.3,3.0,6.6,46.3,1.8,4.6,40.0,0.4,0.6,65.8,4.3,1.7,1.0,0.7,0.7,0,0,13.51
,Aaron WigginsOKC,SG,50,24.2,8.3,3.1,6.7,46.3,0.8,2.8,30.4,1.2,1.7,72.9,3.6,1.4,0.6,0.2,1.1,0,0,10.29
,Landry ShametPHX,SG,69,20.8,8.3,2.8,7.0,39.4,1.8,4.8,36.8,1.0,1.2,84.0,1.8,1.6,0.4,0.1,0.6,0,0,10.23
,Isaiah StewartDET,C,71,25.6,8.3,3.5,6.9,51.0,0.2,0.6,32.6,1.0,1.5,71.8,8.7,1.2,0.3,1.1,1.2,12,0,14.05
,Isaiah HartensteinLAC,C,68,17.9,8.3,3.4,5.4,62.6,0.2,0.4,46.7,1.3,1.9,68.9,4.9,2.4,0.7,1.1,1.2,2,0,22.06
,Naz ReidMIN,C,77,15.8,8.3,3.0,6.2,49.0,0.7,2.2,34.3,1.5,1.9,76.5,3.9,0.9,0.5,0.9,1.1,4,0,17.27
,Isaiah JacksonIND,SF,36,15.0,8.3,3.2,5.7,56.3,0.1,0.4,31.3,1.7,2.4,68.2,4.1,0.3,0.7,1.4,1.1,3,0,20.60
,Corey KispertWSH,SF,77,23.4,8.2,3.0,6.7,45.5,1.5,4.2,35.0,0.7,0.8,87.1,2.7,1.1,0.5,0.3,0.6,0,0,10.96
,Hassan WhitesideUTAH,C,65,17.9,8.2,3.3,5.1,65.2,0.0,0.0,0.0,1.6,2.6,62.3,7.6,0.4,0.3,1.6,0.8,14,0,22.96
,Shake MiltonPHI,SG,55,21.4,8.2,3.1,7.3,42.9,0.8,2.4,32.3,1.1,1.3,83.6,2.6,2.5,0.5,0.3,0.8,0,0,11.93
,Otto Porter Jr.GS,SF,63,22.1,8.2,3.1,6.6,46.4,1.3,3.4,37.0,0.8,1.0,80.3,5.7,1.5,1.1,0.5,0.6,5,0,15.94
,Daniel TheisBOS/HOU,C,47,20.8,8.2,3.2,6.2,51.9,0.7,2.3,30.8,1.0,1.5,68.1,4.9,0.9,0.4,0.7,1.0,4,0,13.32
,Onyeka OkongwuATL,PF,48,20.7,8.2,3.3,4.7,69.0,0.0,0.0,0.0,1.7,2.3,72.7,5.9,1.1,0.6,1.3,0.9,1,0,19.89
,Rudy GayUTAH,SF,55,18.9,8.1,2.9,6.9,41.4,1.3,3.7,34.5,1.1,1.4,78.5,4.4,1.0,0.5,0.3,0.9,0,0,13.06
,Damian JonesSAC,C,56,18.2,8.1,3.1,4.8,65.8,0.2,0.5,34.5,1.7,2.3,71.8,4.4,1.2,0.5,0.8,1.1,2,0,18.35
,Ziaire WilliamsMEM,SG,62,21.7,8.1,3.1,6.8,45.0,1.2,3.9,31.4,0.7,0.9,78.2,2.1,1.0,0.6,0.2,0.7,0,0,9.70
,Cory JosephDET,PG,65,24.6,8.0,2.7,6.2,44.5,1.0,2.4,41.4,1.5,1.7,88.5,2.7,3.6,0.6,0.3,1.3,0,0,11.42
,Mike MuscalaOKC,C,43,13.8,8.0,2.6,5.8,45.6,1.6,3.8,42.9,1.1,1.3,84.2,3.0,0.5,0.4,0.6,0.3,0,0,19.67
,Malik NewmanCLE,G,1,8.0,8.0,3.0,5.0,60.0,0.0,1.0,0.0,2.0,2.0,100.0,1.0,1.0,0.0,0.0,1.0,0,0,28.72
,Lindy Waters IIIOKC,F,25,18.6,8.0,2.8,7.0,40.6,2.1,5.8,36.3,0.2,0.2,80.0,2.9,1.0,0.8,0.3,0.4,0,0,13.01
,Andre DrummondBKN/PHI,C,73,19.7,7.9,3.4,5.9,57.0,0.0,0.0,0.0,1.2,2.2,52.4,9.3,1.8,1.1,0.9,1.6,18,0,21.04
,Josh ChristopherHOU,SG,74,18.0,7.9,3.0,6.8,44.8,0.8,2.6,29.6,1.1,1.5,73.5,2.5,2.0,0.9,0.2,1.5,0,0,12.22
,Jordan NworaMIL,SF,62,19.1,7.9,3.0,7.5,40.3,1.3,3.7,34.8,0.6,0.7,83.7,3.6,1.0,0.4,0.3,0.9,3,0,9.96
,Grant WilliamsBOS,PF,77,24.4,7.8,2.7,5.6,47.5,1.4,3.4,41.1,1.1,1.2,90.5,3.6,1.0,0.5,0.7,0.8,1,0,11.26
,Zach CollinsSA,PF,28,17.9,7.8,2.7,5.5,49.0,0.5,1.5,34.1,1.9,2.3,80.0,5.5,2.2,0.5,0.8,1.6,1,0,16.48
,Drew EubanksPOR/SA,PF,71,17.5,7.7,3.1,5.2,59.6,0.1,0.3,21.7,1.4,1.8,76.2,5.4,1.2,0.4,0.6,1.1,7,0,18.06
,Cody MartinCHA,SF,71,26.3,7.7,2.9,6.0,48.2,0.9,2.2,38.4,1.1,1.5,70.1,4.0,2.5,1.2,0.5,0.9,0,0,12.73
,R.J. HamptonORL,PG,64,21.9,7.6,2.7,7.1,38.3,1.0,2.9,35.0,1.2,1.8,64.1,3.0,2.5,0.7,0.2,1.4,0,0,8.56
,Aleksej PokusevskiOKC,F,61,20.2,7.6,3.0,7.5,40.8,0.9,3.2,28.9,0.6,0.8,70.0,5.2,2.1,0.6,0.6,1.5,5,1,12.00
,Furkan KorkmazPHI,SG,67,21.1,7.6,2.7,7.0,38.7,1.1,4.0,28.9,1.0,1.3,81.0,2.6,1.9,0.5,0.1,0.7,1,0,10.22
,P.J. TuckerMIA,PF,71,27.9,7.6,2.9,6.0,48.4,1.1,2.7,41.5,0.6,0.9,73.8,5.5,2.1,0.8,0.2,0.9,5,0,11.35
,Markieff MorrisMIA,PF,17,17.5,7.6,3.2,6.7,47.4,0.8,2.3,33.3,0.5,0.5,88.9,2.6,1.4,0.4,0.1,1.2,0,0,10.96
,Trendon WatfordPOR,PF,48,18.1,7.6,3.0,5.6,53.2,0.2,0.8,23.7,1.5,2.0,75.5,4.1,1.7,0.5,0.6,0.9,2,0,15.86
,Kris DunnPOR,PG,14,24.0,7.6,3.1,7.3,43.1,0.1,0.8,9.1,1.2,1.3,94.4,3.5,5.6,1.6,0.2,2.3,0,0,12.55
,Kyle AndersonMEM,SF,69,21.5,7.6,3.0,6.8,44.6,0.5,1.6,33.0,1.0,1.5,63.8,5.3,2.7,1.1,0.7,1.0,2,0,14.49
,Draymond GreenGS,PF,46,28.9,7.5,2.9,5.6,52.5,0.3,1.2,29.6,1.3,2.0,65.9,7.3,7.0,1.3,1.1,3.0,4,1,14.30
,Raul NetoWSH,PG,70,19.6,7.5,2.9,6.3,46.3,0.5,1.7,29.2,1.2,1.5,76.9,1.9,3.1,0.8,0.0,1.1,0,0,12.49
,D.J. WilsonTOR,F,4,13.5,7.5,2.8,3.8,73.3,0.0,0.5,0.0,2.0,2.5,80.0,4.0,1.3,1.3,0.3,0.5,0,0,27.92
,Goran DragicTOR/BKN,PG,21,23.7,7.5,2.7,7.2,37.7,0.8,3.0,25.4,1.3,1.6,81.8,3.1,4.1,0.9,0.2,1.6,0,0,10.00
,Jeremiah Robinson-EarlOKC,PF,49,22.2,7.5,2.7,6.6,41.4,1.2,3.4,35.2,0.8,1.1,74.1,5.6,1.0,0.6,0.3,0.8,3,0,11.74
,Thomas BryantWSH,C,27,16.3,7.4,2.9,5.5,52.0,0.4,1.6,28.6,1.3,1.5,87.5,4.0,0.9,0.2,0.8,0.7,0,0,16.70
,Alex CarusoCHI,SG,41,28.0,7.4,2.5,6.2,39.8,1.0,3.1,33.3,1.4,1.8,79.5,3.6,4.0,1.7,0.4,1.4,1,0,11.75
,Damion LeeGS,SG,63,20.0,7.4,2.7,6.1,44.1,1.0,3.0,33.7,1.0,1.2,88.0,3.2,1.0,0.6,0.1,0.6,0,0,10.90
,Kenrich WilliamsOKC,SF,49,21.9,7.4,3.0,6.5,46.1,0.8,2.5,33.9,0.6,1.1,54.5,4.5,2.2,0.9,0.2,0.9,0,0,13.36
,Royce O'NealeUTAH,PF,77,31.2,7.4,2.6,5.8,45.7,1.5,4.0,38.9,0.6,0.7,80.4,4.8,2.5,1.1,0.4,1.0,3,0,10.31
,Jared HarperNO,G,5,8.6,7.4,2.8,5.2,53.8,1.0,2.4,41.7,0.8,0.8,100.0,0.4,2.8,0.8,0.2,0.4,0,0,37.00
,Wes IwunduATL,F,3,27.3,7.3,2.7,6.0,44.4,1.0,1.7,60.0,1.0,1.3,75.0,4.3,0.0,0.3,0.0,0.3,0,0,7.18
,Jeremy LambIND/SAC,SG,56,16.7,7.3,2.4,6.2,38.3,1.0,3.0,32.4,1.6,1.9,84.0,2.8,1.4,0.6,0.4,0.7,0,0,13.31
,Austin ReavesLAL,SG,61,23.2,7.3,2.4,5.2,45.9,0.9,2.7,31.7,1.6,1.9,83.9,3.2,1.8,0.5,0.3,0.7,1,1,11.57
,Taurean PrinceMIN,PF,69,17.1,7.3,2.6,5.7,45.4,1.2,3.3,37.6,0.9,1.2,75.6,2.5,1.0,0.7,0.3,0.8,0,0,12.47
,Joe InglesUTAH,SG,45,24.9,7.2,2.6,6.3,40.4,1.7,5.0,34.7,0.4,0.5,77.3,2.9,3.5,0.5,0.1,1.0,0,0,10.05
,Keon JohnsonPOR/LAC,SG,37,18.8,7.2,2.6,7.4,35.3,0.9,2.7,34.0,1.1,1.4,80.4,2.2,2.1,0.8,0.3,1.2,0,0,8.74
,Javonte GreenCHI,SF,65,23.4,7.2,2.7,5.0,54.2,0.6,1.6,35.6,1.2,1.5,83.3,4.2,0.9,1.0,0.5,0.5,0,0,14.05
,Braxton KeyDET/PHI,G,11,17.9,7.2,3.0,6.5,45.8,0.5,1.9,28.6,0.6,1.2,53.8,4.5,1.0,0.9,1.0,1.0,0,0,13.79
,Ty JeromeOKC,SG,48,16.7,7.1,2.6,6.8,37.8,1.1,3.9,29.0,0.8,1.0,80.9,1.6,2.3,0.6,0.1,0.8,0,0,11.34
,Theo MaledonOKC,PG,51,17.8,7.1,2.3,6.2,37.5,0.9,2.9,29.3,1.5,2.0,79.0,2.6,2.2,0.6,0.2,1.3,1,0,10.60
,Gary Payton IIGS,SG,71,17.6,7.1,3.0,4.8,61.6,0.6,1.7,35.8,0.5,0.8,60.3,3.5,0.9,1.4,0.3,0.6,1,0,17.86
,Robin LopezORL,C,36,17.0,7.1,3.1,5.5,55.3,0.1,0.2,33.3,0.9,1.5,59.3,3.5,1.5,0.1,0.5,1.2,3,0,13.73
,Sekou DoumbouyaLAL,SF,2,8.0,7.0,2.5,4.0,62.5,0.5,1.0,50.0,1.5,2.0,75.0,3.0,0.0,1.5,1.0,1.0,0,0,40.76
,Goga BitadzeIND,C,50,14.6,7.0,2.6,5.0,52.0,0.5,1.6,28.7,1.3,1.9,68.1,3.5,1.1,0.4,0.8,0.9,2,0,18.06
,Larry Nance Jr.POR/NO,PF,46,22.6,7.0,2.8,5.4,52.2,0.5,1.5,32.9,0.9,1.2,70.2,5.4,1.8,0.9,0.4,0.8,0,0,14.37
,Maxi KleberDAL,PF,59,24.6,7.0,2.4,6.0,39.8,1.4,4.3,32.5,0.8,1.1,70.8,5.9,1.2,0.5,1.0,0.8,2,0,10.98
,Olivier SarrOKC,C,22,19.1,7.0,2.6,4.6,57.4,0.6,1.3,44.8,1.1,1.3,82.8,4.2,0.9,0.3,0.7,1.0,1,0,14.04
,Steven AdamsMEM,C,76,26.3,6.9,2.8,5.1,54.7,0.0,0.0,0.0,1.4,2.6,54.3,10.0,3.4,0.9,0.8,1.5,14,0,17.60
,Jarred VanderbiltMIN,PF,74,25.4,6.9,2.9,4.9,58.7,0.0,0.2,14.3,1.2,1.8,65.6,8.4,1.3,1.3,0.6,1.0,8,0,15.35
,Killian HayesDET,PG,66,25.0,6.9,2.7,7.0,38.3,0.7,2.5,26.3,0.9,1.1,77.0,3.2,4.2,1.2,0.5,1.7,2,0,9.35
,Serge IbakaLAC/MIL,F,54,16.3,6.8,2.7,5.5,50.0,0.7,1.8,37.4,0.6,0.8,72.7,4.6,0.9,0.2,0.6,0.8,3,0,14.47
,Mason JonesLAL,G,4,12.8,6.8,1.8,3.8,46.7,0.3,1.0,25.0,3.0,3.8,80.0,2.5,1.0,0.5,0.0,0.3,0,0,17.78
,Brandon Boston Jr.LAC,SG,51,14.9,6.7,2.5,6.4,38.5,0.7,2.2,30.6,1.2,1.4,81.9,2.2,1.0,0.5,0.3,0.6,0,0,11.28
,Wayne EllingtonLAL,SG,43,18.8,6.7,2.3,5.5,41.3,1.9,4.9,38.9,0.2,0.3,81.8,1.8,0.7,0.5,0.1,0.4,0,0,9.94
,Stanley JohnsonLAL,PF,48,22.8,6.7,2.4,5.2,46.6,0.7,2.2,31.4,1.1,1.5,71.6,3.2,1.7,0.9,0.3,0.7,0,0,10.54
,Torrey CraigIND/PHX,SF,78,20.5,6.6,2.6,5.7,45.4,1.0,3.0,32.9,0.5,0.7,75.0,4.0,1.2,0.6,0.5,0.9,3,0,11.03
,Georgios KalaitzakisOKC/MIL,SF,13,16.4,6.6,2.4,5.2,46.3,0.8,2.0,38.5,1.1,2.3,46.7,1.6,0.9,0.8,0.2,1.5,0,0,8.60
,Zeke NnajiDEN,PF,41,17.0,6.6,2.3,4.5,51.6,0.9,2.0,46.3,1.0,1.6,63.1,3.6,0.4,0.4,0.3,0.6,0,0,13.53
,Mason PlumleeCHA,C,73,24.6,6.5,2.8,4.4,64.1,0.0,0.0,0.0,0.9,2.3,39.2,7.7,3.1,0.8,0.7,1.4,7,0,14.72
,BJ JohnsonORL,F,4,16.3,6.5,2.8,6.3,44.0,1.0,2.5,40.0,0.0,0.0,0.0,3.8,0.0,0.0,0.3,0.0,0,0,12.15
,JaMychal GreenDEN,F,67,16.2,6.4,2.4,4.9,48.6,0.5,1.9,26.6,1.2,1.4,87.1,4.2,0.9,0.6,0.4,0.9,1,0,14.18
,Josh JacksonSAC/DET,SG,51,16.3,6.4,2.4,5.9,40.0,0.6,2.5,25.4,1.1,1.5,71.4,2.8,1.1,0.5,0.4,0.9,0,0,9.50
,Blake GriffinBKN,PF,56,17.1,6.4,2.4,5.6,42.5,0.7,2.6,26.2,1.0,1.4,72.4,4.1,1.9,0.5,0.3,0.6,1,0,13.77
,Brandon KnightDAL,PG,5,13.0,6.4,2.0,5.0,40.0,0.8,3.4,23.5,1.6,1.6,100.0,1.6,1.6,0.2,0.0,0.8,0,0,13.00
,Justin AndersonIND/CLE,F,16,19.8,6.4,2.3,5.9,37.9,0.9,3.7,25.4,0.9,1.2,78.9,2.9,2.1,0.5,0.4,0.5,0,0,10.39
,Isaiah LiversDET,PF,19,20.2,6.4,2.2,4.7,45.6,1.4,3.4,42.2,0.6,0.7,85.7,3.0,1.1,0.7,0.4,0.8,1,0,11.15
,Avery BradleyLAL,PG,62,22.7,6.4,2.4,5.6,42.3,1.3,3.4,39.0,0.3,0.3,88.9,2.2,0.8,0.9,0.1,0.6,0,0,7.87
,Aaron HolidayWSH/PHX,G,63,16.2,6.3,2.4,5.4,44.7,0.6,1.6,37.9,0.9,1.1,86.8,1.9,2.4,0.7,0.1,1.1,0,0,12.59
,Derrick Walton Jr.DET,G,3,36.0,6.3,2.0,8.7,23.1,1.0,4.3,23.1,1.3,1.3,100.0,3.3,7.0,2.3,1.3,3.7,0,0,5.90
,Lou WilliamsATL,SG,56,14.3,6.3,2.2,5.7,39.1,0.7,1.8,36.3,1.2,1.4,85.9,1.6,1.9,0.5,0.1,0.8,0,0,12.17
,Ish SmithWSH/CHA,PG,65,17.3,6.3,2.8,6.6,43.0,0.4,1.0,37.3,0.2,0.4,62.5,2.2,3.8,0.7,0.4,1.2,1,0,12.58
,Dewayne DedmonMIA,C,67,15.9,6.3,2.4,4.3,56.6,0.3,0.7,40.4,1.1,1.5,75.0,5.8,0.7,0.4,0.6,1.0,3,0,15.90
,Hassani GravettORL,PG,8,21.4,6.3,2.3,4.8,47.4,1.4,3.3,42.3,0.4,0.5,75.0,2.6,2.5,0.6,0.1,1.1,0,0,10.10
,Vit KrejciOKC,G,30,23.0,6.2,2.3,5.6,40.7,1.1,3.3,32.7,0.6,0.7,86.4,3.4,1.9,0.6,0.3,1.0,1,0,8.52
,Payton PritchardBOS,PG,71,14.1,6.2,2.3,5.3,42.9,1.4,3.5,41.2,0.3,0.3,100.0,1.9,2.0,0.3,0.1,0.6,0,0,14.95
,Dwight HowardLAL,C,60,16.2,6.2,2.2,3.7,61.2,0.1,0.3,53.3,1.6,2.4,65.8,5.9,0.6,0.6,0.6,0.8,5,0,18.25
,Chaundee Brown Jr.ATL/LAL,G,5,20.8,6.2,2.0,6.4,31.3,1.2,3.6,33.3,1.0,1.2,83.3,3.2,0.8,0.4,0.0,0.2,0,0,6.47
,Thaddeus YoungSA/TOR,PF,52,16.3,6.2,2.7,5.2,51.8,0.3,0.9,35.4,0.4,0.9,46.9,4.0,2.0,1.0,0.3,1.0,0,0,17.09
,Day'Ron SharpeBKN,C,32,12.2,6.2,2.7,4.7,57.7,0.1,0.2,28.6,0.8,1.3,58.5,5.0,0.5,0.3,0.5,0.9,2,0,20.74
,George HillMIL,PG,54,23.2,6.2,2.2,5.1,42.9,0.8,2.5,30.6,1.1,1.1,91.9,2.9,2.2,0.8,0.1,0.8,0,0,10.25
,Jalen McDanielsCHA,PF,55,16.3,6.2,2.2,4.6,48.4,0.7,2.0,38.0,1.0,1.3,73.6,3.1,1.1,0.5,0.4,0.7,1,0,12.78
,Jose AlvaradoNO,PG,54,15.4,6.1,2.4,5.4,44.6,0.6,2.0,29.1,0.7,1.0,67.9,1.9,2.8,1.3,0.1,0.7,1,0,16.46
,Nemanja BjelicaGS,PF,71,16.1,6.1,2.3,4.8,46.8,0.8,2.1,36.2,0.8,1.1,72.8,4.1,2.2,0.6,0.4,1.2,3,0,14.20
,Lamar StevensCLE,F,63,16.1,6.1,2.5,5.1,48.9,0.3,1.0,27.7,0.8,1.2,70.7,2.6,0.7,0.5,0.3,0.7,0,0,11.33
,Tristan ThompsonIND/SAC/CHI,C,57,15.7,6.0,2.5,4.7,52.8,0.0,0.1,33.3,1.1,2.0,52.6,5.1,0.6,0.4,0.4,0.8,1,0,14.90
,Alex LenSAC,C,39,15.9,6.0,2.4,4.5,53.4,0.2,0.5,28.6,1.1,1.6,65.1,4.1,1.2,0.3,0.6,1.1,2,0,13.16
,Austin RiversDEN,SG,67,22.1,6.0,2.2,5.2,41.7,1.2,3.4,34.2,0.5,0.7,72.7,1.7,1.3,0.8,0.1,0.8,0,0,7.24
,Kevon LooneyGS,C,82,21.1,6.0,2.5,4.4,57.1,0.0,0.0,0.0,0.9,1.5,60.0,7.3,2.0,0.6,0.6,0.8,5,0,15.78
,Tre JonesSA,PG,69,16.6,6.0,2.4,4.9,49.0,0.1,0.7,19.6,1.0,1.3,78.0,2.2,3.4,0.6,0.1,0.7,3,0,15.01
,Quentin GrimesNY,SG,46,17.1,6.0,2.1,5.1,40.4,1.6,4.1,38.1,0.3,0.4,68.4,2.0,1.0,0.7,0.2,0.6,0,0,10.77
,Kessler EdwardsBKN,SF,48,20.6,5.9,2.3,5.6,41.2,1.0,2.8,35.3,0.3,0.4,84.2,3.6,0.6,0.6,0.5,0.9,1,0,8.36
,Danuel House Jr.UTAH/NY/HOU,SF,42,17.3,5.9,1.9,4.7,40.4,1.0,2.8,37.6,1.0,1.4,75.9,2.6,1.0,0.5,0.4,0.8,0,0,10.60
,Danny GreenPHI,SF,62,21.8,5.9,2.0,5.2,39.4,1.7,4.4,38.0,0.2,0.2,78.6,2.5,1.0,1.0,0.6,0.7,0,0,9.53
,Kira Lewis Jr.NO,PG,24,14.2,5.9,2.5,6.1,40.4,0.5,2.4,22.4,0.4,0.5,83.3,1.6,2.0,0.5,0.0,1.1,0,0,9.83
,CJ EllebyPOR,SG,58,20.2,5.8,2.1,5.3,39.3,0.6,2.2,29.4,1.0,1.4,71.4,3.9,1.5,0.6,0.3,1.0,0,0,9.26
,Bismack BiyomboPHX,C,36,14.1,5.8,2.4,4.0,59.3,0.0,0.0,0.0,1.1,2.0,53.5,4.6,0.6,0.3,0.7,0.7,6,0,17.30
,Luka GarzaDET,C,32,12.2,5.8,2.1,4.6,44.9,0.5,1.5,32.7,1.2,1.9,62.3,3.1,0.6,0.3,0.2,0.6,2,0,15.60
,Xavier MoonLAC,PG,10,13.7,5.8,2.5,5.1,49.0,0.5,1.4,35.7,0.3,0.5,60.0,1.4,2.4,0.7,0.3,0.6,0,0,16.27
,Cassius StanleyDET,G,9,17.2,5.8,2.1,5.1,41.3,0.4,1.9,23.5,1.1,1.1,100.0,2.1,0.4,0.6,0.2,0.7,0,0,8.07
,Joshua PrimoSA,SG,50,19.3,5.8,2.0,5.4,37.4,0.8,2.7,30.7,0.9,1.2,74.6,2.3,1.6,0.4,0.5,1.1,0,0,7.18
,Eric PaschallUTAH,F,58,12.7,5.8,2.0,4.1,48.5,0.7,1.9,37.0,1.1,1.5,76.7,1.8,0.6,0.2,0.1,0.5,0,0,13.90
,Carsen EdwardsDET,PG,4,19.8,5.8,2.3,7.5,30.0,1.0,4.0,25.0,0.3,0.3,100.0,1.5,3.5,0.5,0.0,1.3,0,0,5.56
,Matisse ThybullePHI,SG,66,25.5,5.7,2.3,4.5,50.0,0.7,2.2,31.3,0.5,0.7,79.1,2.3,1.1,1.7,1.1,0.6,0,0,11.22
,Justise WinslowPOR/LAC,PF,48,16.1,5.7,2.3,5.4,42.8,0.3,1.4,22.7,0.8,1.4,59.1,4.2,1.8,0.7,0.5,1.0,2,0,13.09
,Kelan MartinIND/BOS,SG,30,15.0,5.7,2.3,5.7,40.9,0.7,2.5,29.3,0.3,0.4,69.2,1.8,0.7,0.4,0.3,0.5,0,0,9.44
,Naji MarshallNO,SF,55,13.4,5.7,2.0,4.9,40.5,0.4,1.9,20.0,1.3,1.7,79.6,2.6,1.1,0.6,0.1,0.8,1,0,12.33
,Keita Bates-DiopSA,SF,59,16.2,5.7,2.3,4.5,51.7,0.3,0.9,30.9,0.8,1.0,75.4,3.9,0.7,0.5,0.2,0.8,1,0,12.44
,Keifer SykesIND,G,32,17.7,5.6,2.2,5.9,36.3,0.8,2.8,30.0,0.5,0.5,88.2,1.4,1.9,0.4,0.1,1.0,0,0,5.97
,Saben LeeDET,G,37,16.3,5.6,1.9,4.8,39.0,0.4,1.6,23.3,1.5,1.9,78.9,2.4,2.9,1.0,0.3,1.0,1,0,13.85
,Derrick Jones Jr.CHI,SF,51,17.6,5.6,2.1,3.8,53.8,0.4,1.2,32.8,1.1,1.4,80.0,3.3,0.6,0.5,0.6,0.6,0,0,12.98
,Dennis Smith Jr.POR,PG,37,17.3,5.6,2.1,5.1,41.8,0.2,0.7,22.2,1.1,1.7,65.6,2.4,3.6,1.2,0.3,1.4,0,0,13.22
,Davis BertansWSH/DAL,SF,56,14.4,5.6,1.8,4.9,36.0,1.4,4.1,33.5,0.6,0.7,90.0,2.1,0.6,0.3,0.2,0.3,0,0,9.44
,James JohnsonBKN,PF,62,19.2,5.5,2.3,5.0,46.9,0.4,1.4,27.1,0.5,0.9,52.7,3.5,2.1,0.5,0.5,0.8,1,0,10.29
,Greg MonroeMIL/UTAH/MIN/WSH,C,14,13.9,5.4,2.3,4.1,56.1,0.0,0.0,0.0,0.9,1.6,52.2,4.6,1.6,0.6,0.7,0.9,0,0,18.21
,Wenyen GabrielLAC/LAL/NO/BKN,F,26,13.8,5.4,2.1,4.2,49.1,0.3,1.1,28.6,1.0,1.6,59.5,3.7,0.5,0.2,0.4,0.6,1,0,12.56
,P.J. DozierDEN,SG,18,18.9,5.4,2.0,5.5,36.4,0.8,2.7,31.3,0.6,0.7,76.9,3.5,1.6,0.6,0.3,0.7,0,0,8.73
,Trey Murphy IIINO,SG,62,13.9,5.4,1.8,4.5,39.3,1.1,3.0,38.2,0.7,0.8,88.2,2.4,0.6,0.4,0.1,0.3,0,0,12.53
,Rodney McGruderDET,G,51,14.8,5.4,1.9,4.4,43.6,1.1,2.9,39.7,0.4,0.5,73.1,2.2,0.9,0.4,0.1,0.5,0,0,11.60
,D.J. AugustinLAL/HOU,G,55,16.1,5.3,1.7,4.0,42.3,1.2,3.0,41.5,0.7,0.8,88.4,1.2,1.9,0.3,0.0,1.0,0,0,9.74
,Omer YurtsevenMIA,C,56,12.6,5.3,2.3,4.4,52.6,0.0,0.2,9.1,0.7,1.1,62.3,5.3,0.9,0.3,0.4,0.7,8,0,17.46
,Armoni BrooksTOR/HOU,G,54,15.6,5.3,1.8,5.4,33.9,1.4,4.6,29.7,0.3,0.4,85.7,1.9,1.1,0.5,0.2,0.5,0,0,8.45
,Derrick FavorsOKC,F,39,16.7,5.3,2.4,4.7,51.6,0.1,0.4,12.5,0.4,0.6,64.0,4.7,0.6,0.4,0.3,0.2,1,0,13.61
,Dean WadeCLE,PF,51,19.2,5.3,1.9,4.3,45.6,1.0,2.8,35.9,0.4,0.6,66.7,2.9,1.0,0.6,0.1,0.3,1,0,10.17
,Garrett TempleNO,SF,59,18.6,5.2,1.9,5.0,37.6,1.0,3.1,31.9,0.5,0.7,68.3,2.4,1.3,0.7,0.4,0.7,0,0,8.67
,Cody ZellerPOR,C,27,13.1,5.2,1.9,3.3,56.7,0.0,0.1,0.0,1.4,1.8,77.6,4.6,0.8,0.3,0.2,0.7,0,0,17.27
,Facundo CampazzoDEN,G,65,18.2,5.1,1.6,4.6,36.1,0.9,3.0,30.1,0.9,1.2,76.9,1.8,3.4,1.0,0.4,1.0,2,0,11.16
,Trey BurkeDAL,PG,42,10.5,5.1,2.0,5.1,39.1,0.6,2.0,31.7,0.5,0.5,87.0,0.8,1.4,0.3,0.0,0.6,0,0,10.04
,Wesley MatthewsMIL,SG,49,20.4,5.1,1.8,4.5,39.5,1.1,3.2,33.8,0.4,0.6,78.6,1.9,0.7,0.5,0.2,0.4,0,0,6.97
,DeAndre' BembryMIL/BKN,SG,56,18.3,5.1,2.2,3.9,56.1,0.3,0.6,41.7,0.4,0.6,60.0,2.9,1.2,0.9,0.4,0.6,0,0,11.90
,David NwabaHOU,SF,46,13.2,5.1,1.8,3.8,48.3,0.3,1.1,30.6,1.0,1.5,71.6,3.3,0.8,0.6,0.4,0.5,0,0,15.37
,Ignas BrazdeikisORL,SF,42,12.8,5.0,1.9,4.5,43.1,0.6,2.1,31.0,0.5,0.8,65.6,1.7,0.9,0.2,0.1,0.4,0,0,10.30
,Jock LandaleSA,C,54,10.9,4.9,1.9,3.8,49.5,0.5,1.6,32.6,0.6,0.8,82.9,2.6,0.8,0.2,0.3,0.6,1,0,16.10
,John KoncharMEM,SG,72,17.9,4.8,1.9,3.6,51.5,0.7,1.8,41.3,0.4,0.7,55.1,4.6,1.5,0.6,0.3,0.4,3,1,13.98
,Rajon RondoLAL/CLE,PG,39,17.9,4.8,1.7,4.5,38.6,0.8,2.3,35.2,0.5,0.7,73.1,2.8,4.4,0.8,0.2,1.7,1,0,10.87
,Josh GreenDAL,SG,67,15.5,4.8,1.9,3.8,50.8,0.4,1.2,35.9,0.5,0.7,68.9,2.4,1.2,0.7,0.2,0.7,1,0,11.95
,Xavier TillmanMEM,C,53,13.2,4.8,1.8,4.1,45.4,0.2,0.9,20.4,0.9,1.3,64.8,3.0,1.2,0.9,0.3,0.6,0,0,15.18
,Brandon GoodwinCLE,G,36,13.9,4.8,1.8,4.3,41.6,0.5,1.5,34.5,0.7,1.1,63.2,1.9,2.5,0.7,0.0,1.0,1,0,11.88
,David Duke Jr.BKN,SF,22,15.5,4.7,1.8,4.9,36.1,0.4,1.7,24.3,0.8,1.0,81.0,3.0,0.8,0.6,0.3,0.4,2,0,10.07
,Udoka AzubuikeUTAH,C,17,11.5,4.7,2.2,2.9,75.5,0.0,0.0,0.0,0.4,0.6,54.5,4.2,0.0,0.1,0.6,0.7,1,0,17.62
,Greg Brown IIIPOR,PF,48,13.3,4.7,1.7,4.0,42.6,0.4,1.3,31.1,0.9,1.4,67.7,2.8,0.7,0.5,0.5,0.8,0,0,11.05
,Cameron McGriffPOR,F,3,15.3,4.7,1.7,4.7,35.7,0.7,2.0,33.3,0.7,0.7,100.0,5.0,1.0,0.0,0.3,0.0,0,0,12.54
,Maurice HarklessSAC,SF,47,18.4,4.6,1.8,3.9,45.9,0.7,2.1,30.7,0.4,0.6,71.4,2.4,0.5,0.6,0.5,0.7,1,0,7.69
,James BouknightCHA,SG,31,9.8,4.6,1.6,4.5,34.8,0.5,1.6,34.7,0.9,1.0,87.1,1.7,0.8,0.2,0.0,0.5,0,0,10.14
,Svi MykhailiukTOR,SG,56,12.8,4.6,1.6,4.2,38.9,0.7,2.4,30.6,0.6,0.7,86.5,1.6,0.8,0.5,0.1,0.6,0,0,9.64
,Romeo LangfordBOS/SA,SG,48,16.1,4.5,1.7,4.0,43.5,0.6,1.8,34.1,0.5,0.9,54.8,2.3,0.4,0.5,0.3,0.3,0,0,9.26
,Marquese ChrissDAL,SF,34,10.2,4.5,1.8,3.9,46.3,0.2,0.7,32.0,0.6,1.0,66.7,3.0,0.5,0.4,0.4,0.5,0,0,14.84
,Louis KingSAC,PF,10,10.4,4.5,1.5,4.7,31.9,0.8,2.7,29.6,0.7,1.0,70.0,1.2,0.9,0.2,0.1,0.0,0,0,8.19
,Khem BirchTOR,C,55,18.0,4.5,1.8,3.6,48.5,0.0,0.3,0.0,1.0,1.3,74.6,4.3,1.0,0.5,0.5,0.5,0,0,13.23
,Delon WrightATL,SG,77,18.9,4.4,1.6,3.5,45.4,0.6,1.5,37.9,0.7,0.8,85.7,2.9,2.4,1.2,0.2,0.6,0,0,13.81
,Jabari ParkerBOS,PF,12,9.3,4.4,1.5,3.2,47.4,0.7,1.3,50.0,0.8,0.8,100.0,2.3,0.5,0.3,0.1,0.7,0,0,14.86
,Taj GibsonNY,F,52,18.2,4.4,1.7,3.2,51.8,0.3,0.7,39.5,0.8,1.0,80.8,4.4,0.6,0.4,0.8,0.5,0,0,12.03
,Moses MoodyGS,SG,52,11.7,4.4,1.5,3.5,43.7,0.8,2.1,36.4,0.5,0.7,77.8,1.5,0.4,0.1,0.2,0.3,0,0,10.51
,Timothe Luwawu-CabarrotATL,SG,52,13.2,4.4,1.4,3.6,39.8,0.8,2.3,36.1,0.7,0.8,85.4,1.6,0.8,0.3,0.1,0.4,0,0,9.36
,Davon ReedDEN,SG,48,13.9,4.4,1.7,3.4,50.3,0.8,1.8,43.0,0.2,0.3,66.7,2.3,1.1,0.5,0.2,0.3,0,0,12.20
,Mamadi DiakiteOKC,F,13,14.5,4.3,1.9,3.6,53.2,0.0,0.4,0.0,0.5,0.8,54.5,4.5,0.2,0.4,0.7,0.5,0,0,11.68
,Trevelin QueenHOU,SG,10,7.4,4.3,1.5,3.3,45.5,0.9,2.4,37.5,0.4,0.4,100.0,1.6,0.4,0.5,0.1,0.7,0,0,18.25
,Malachi FlynnTOR,PG,44,12.2,4.3,1.6,4.2,39.3,0.7,2.0,33.3,0.3,0.5,62.5,1.4,1.6,0.5,0.1,0.3,0,0,11.73
,DeAndre JordanLAL/PHI,C,48,13.0,4.3,1.9,3.0,64.3,0.0,0.0,0.0,0.5,0.8,55.0,5.5,0.4,0.3,0.7,0.8,0,0,17.20
,Yuta WatanabeTOR,SF,38,11.7,4.3,1.5,3.6,40.6,0.7,2.1,34.2,0.6,1.1,60.0,2.4,0.6,0.3,0.4,0.5,2,0,11.50
,Troy Brown Jr.CHI,SF,66,16.0,4.3,1.6,3.9,41.9,0.7,2.0,35.3,0.3,0.4,76.9,3.1,1.0,0.5,0.1,0.4,1,0,10.16
,Moses BrownCLE/DAL,C,40,8.6,4.3,1.6,2.7,59.3,0.0,0.0,0.0,1.1,1.8,59.7,3.4,0.0,0.2,0.4,0.5,3,0,18.59
,Boban MarjanovicDAL,C,23,5.6,4.3,1.8,3.0,60.0,0.0,0.2,25.0,0.6,1.0,59.1,1.7,0.1,0.0,0.1,0.7,0,0,18.65
,Lindell WiggintonMIL,G,19,10.5,4.2,1.4,3.2,42.6,0.5,1.4,34.6,1.0,1.8,54.3,1.3,1.2,0.3,0.1,0.6,0,0,10.25
,Rayjon TuckerMIL/MIN/DEN,G,5,14.2,4.2,1.2,1.8,66.7,0.8,1.0,80.0,1.0,1.4,71.4,1.6,2.0,0.8,0.0,0.2,0,0,17.67
,Jevon CarterMIL/BKN,PG,66,13.7,4.2,1.5,3.8,38.7,1.0,2.6,38.8,0.2,0.3,83.3,1.7,1.5,0.4,0.2,0.5,0,0,9.62
,Sam MerrillMEM,SG,6,9.7,4.2,1.3,4.0,33.3,1.2,3.8,30.4,0.3,0.7,50.0,1.2,0.7,0.0,0.0,0.3,0,0,7.52
,James Ennis IIILAC/BKN/DEN,F,7,8.0,4.1,1.6,3.4,45.8,0.4,1.1,37.5,0.6,0.7,80.0,1.7,0.4,0.3,0.3,0.3,0,0,17.78
,Frank NtilikinaDAL,PG,58,11.8,4.1,1.5,3.8,39.9,0.7,1.9,34.2,0.4,0.4,96.0,1.4,1.2,0.5,0.1,0.5,0,0,10.41
,Vlatko CancarDEN,SF,15,11.7,4.1,1.5,2.7,56.1,0.5,0.8,58.3,0.6,0.9,64.3,2.1,1.1,0.1,0.2,0.6,0,0,12.72
,Santi AldamaMEM,PF,32,11.3,4.1,1.7,4.1,40.2,0.2,1.5,12.5,0.6,1.0,62.5,2.7,0.7,0.2,0.3,0.5,2,0,10.26
,Anthony GillWSH,PF,44,10.5,4.1,1.4,2.5,56.9,0.3,0.6,53.8,1.0,1.2,80.8,1.9,0.6,0.1,0.3,0.4,0,0,14.76
,Juan Toscano-AndersonGS,SF,73,13.6,4.1,1.6,3.2,48.9,0.4,1.2,32.2,0.5,1.0,57.1,2.4,1.7,0.7,0.2,0.9,0,0,11.04
,Markus HowardDEN,PG,31,5.7,4.1,1.3,3.3,38.6,0.9,2.3,40.0,0.6,0.7,87.0,0.4,0.2,0.3,0.0,0.2,0,0,16.19
,Mychal MulderMIA/ORL,G,17,14.1,4.1,1.4,4.5,31.2,1.0,3.2,31.5,0.2,0.2,100.0,1.4,0.3,0.2,0.1,0.5,0,0,3.72
,Matt ThomasCHI,SG,40,11.5,4.0,1.4,3.4,41.0,0.9,2.3,38.5,0.4,0.5,80.0,1.3,0.5,0.2,0.1,0.2,0,0,9.89
,Andre IguodalaGS,F,31,19.5,4.0,1.5,3.9,38.0,0.5,2.4,23.0,0.5,0.6,75.0,3.2,3.7,0.9,0.7,0.9,0,0,12.29
,Trevor ArizaLAL,SF,24,19.3,4.0,1.4,4.1,33.3,0.8,3.1,27.0,0.4,0.8,55.6,3.4,1.1,0.5,0.3,0.5,0,0,6.99
,Scotty HopsonOKC,G,1,18.0,4.0,2.0,4.0,50.0,0.0,1.0,0.0,0.0,0.0,0.0,1.0,1.0,0.0,0.0,2.0,0,0,0.12
,Gabe YorkIND,G,2,10.5,4.0,1.0,3.5,28.6,0.5,3.0,16.7,1.5,2.5,60.0,1.0,2.0,1.0,0.5,0.5,0,0,12.76
,Micah PotterDET,C,3,10.3,4.0,1.7,3.7,45.5,0.0,0.7,0.0,0.7,0.7,100.0,3.0,0.0,0.3,0.3,0.3,0,0,13.67
,Mac McClungLAL/CHI,SG,2,12.0,4.0,1.5,3.0,50.0,0.5,1.5,33.3,0.5,0.5,100.0,1.5,0.5,0.5,0.5,1.5,0,0,5.19
,Kyle GuyMIA,SG,19,9.8,3.9,1.4,3.4,40.0,0.7,2.1,35.0,0.4,0.6,66.7,0.9,0.9,0.4,0.1,0.7,0,0,9.56
,Didi LouzadaPOR/NO,SF,9,14.3,3.9,1.3,3.7,36.4,1.0,2.6,39.1,0.2,0.2,100.0,1.9,0.6,0.2,0.2,0.6,0,0,6.40
,Jamorko PickettDET,F,13,13.5,3.8,1.4,3.8,36.0,1.0,3.0,33.3,0.1,0.2,50.0,2.5,0.5,0.0,0.5,0.4,0,0,7.63
,Admiral SchofieldORL,SF,38,12.3,3.8,1.4,3.4,41.9,0.7,2.1,32.9,0.3,0.4,80.0,2.3,0.7,0.1,0.1,0.6,0,0,7.56
,Jared ButlerUTAH,SG,42,8.6,3.8,1.5,3.6,40.4,0.7,2.1,31.8,0.3,0.4,68.8,1.1,1.5,0.4,0.2,0.8,0,0,12.14
,Malcolm HillATL/CHI,F,19,11.2,3.8,1.3,2.7,46.2,0.7,1.9,36.1,0.6,0.7,78.6,1.8,0.4,0.4,0.2,0.2,0,0,12.74
,Aaron NesmithBOS,SF,52,11.0,3.8,1.4,3.5,39.6,0.6,2.2,27.0,0.4,0.5,80.8,1.7,0.4,0.4,0.1,0.6,0,0,7.35
,Jordan McLaughlinMIN,PG,62,14.5,3.8,1.4,3.2,44.0,0.4,1.4,31.8,0.5,0.6,75.0,1.5,2.9,0.9,0.2,0.6,1,0,13.47
,Sandro MamukelashviliMIL,PF,41,9.9,3.8,1.4,2.8,49.6,0.5,1.3,42.3,0.4,0.5,81.8,2.0,0.5,0.2,0.2,0.4,1,0,14.73
,Nathan KnightMIN,F,37,7.2,3.7,1.2,2.4,51.1,0.1,0.4,30.8,1.2,1.6,73.3,2.3,0.6,0.2,0.2,0.5,1,0,18.72
,Cheick DialloDET,F,3,10.3,3.7,1.0,2.7,37.5,0.0,0.0,0.0,1.7,2.0,83.3,4.0,0.0,0.3,0.0,0.3,0,0,12.32
,KZ OkpalaMIA,SF,21,11.6,3.7,1.4,3.3,43.5,0.4,1.2,34.6,0.4,0.5,72.7,2.0,0.7,0.2,0.3,0.2,0,0,10.49
,Enes FreedomBOS,C,35,11.7,3.7,1.5,2.8,52.6,0.1,0.1,40.0,0.7,0.8,85.7,4.6,0.2,0.1,0.4,0.6,2,0,15.03
,Brad WanamakerIND/WSH,PG,23,13.9,3.6,1.2,3.3,36.4,0.2,0.7,23.5,1.0,1.1,92.0,1.7,2.4,0.3,0.3,1.0,0,0,7.53
,Tomas SatoranskySA/NO/WSH,SG,55,16.5,3.6,1.3,3.5,37.7,0.2,1.0,20.8,0.8,1.0,79.6,2.3,3.3,0.5,0.1,0.8,1,0,10.19
,Isaiah JoePHI,SG,55,11.1,3.6,1.1,3.2,35.0,0.8,2.5,33.3,0.5,0.6,93.5,1.0,0.6,0.3,0.1,0.3,0,0,7.71
,Thanasis AntetokounmpoMIL,SF,48,9.9,3.6,1.5,2.7,54.7,0.0,0.3,14.3,0.6,1.0,63.0,2.1,0.5,0.3,0.3,0.5,0,0,12.57
,Tony SnellPOR/NO,SF,53,15.5,3.5,1.3,3.2,40.4,0.8,2.4,35.2,0.1,0.1,100.0,1.9,0.5,0.3,0.2,0.4,0,0,6.37
,Jarrett CulverMEM,G,37,9.1,3.5,1.4,3.6,37.8,0.3,1.3,25.5,0.4,0.9,47.1,1.3,0.9,0.5,0.1,0.5,0,0,8.72
,Gorgui DiengATL,C,44,8.4,3.5,1.2,2.5,47.3,0.7,1.5,42.6,0.4,0.6,73.1,2.8,0.8,0.3,0.3,0.5,0,0,17.38
,Elijah HughesPOR/UTAH,F,36,12.1,3.5,1.3,4.0,32.6,0.7,2.6,26.3,0.2,0.3,77.8,1.6,0.6,0.4,0.2,0.5,0,0,5.46
,Paul MillsapBKN/PHI,PF,33,11.4,3.5,1.4,3.5,39.1,0.2,1.1,22.9,0.5,0.7,70.8,3.5,0.9,0.3,0.4,0.6,0,0,10.79
,Alfonzo McKinnieCHI,F,17,12.1,3.5,1.4,3.6,39.3,0.5,1.6,33.3,0.1,0.5,25.0,1.9,0.3,0.1,0.2,0.4,0,0,5.68
,Paul WatsonOKC,SG,9,17.3,3.4,1.3,3.9,34.3,0.7,2.9,23.1,0.1,0.2,50.0,3.0,0.9,0.3,0.3,0.4,0,0,5.72
,Nerlens NoelNY,C,25,22.5,3.4,1.3,2.4,53.3,0.0,0.1,0.0,0.8,1.2,70.0,5.6,0.9,1.2,1.2,0.8,0,0,11.81
,Kent BazemoreLAL,SF,39,14.0,3.4,1.2,3.6,32.4,0.7,2.1,36.3,0.3,0.4,76.5,1.8,0.9,0.6,0.2,0.5,0,0,6.04
,Tyler CookCHI,F,20,10.0,3.4,1.2,1.9,60.5,0.0,0.0,0.0,1.1,1.6,65.6,2.7,0.2,0.2,0.2,0.4,0,0,13.04
,Tremont WatersWSH/TOR,G,3,16.7,3.3,1.3,4.7,28.6,0.7,3.0,22.2,0.0,0.0,0.0,1.3,2.3,1.7,0.0,1.3,0,0,5.46
,Killian TillieMEM,SF,36,12.8,3.3,1.2,3.5,33.9,0.8,2.4,31.4,0.1,0.2,62.5,1.7,0.6,0.6,0.4,0.4,0,0,7.64
,Juancho HernangomezBOS/SA/UTAH,PF,40,11.1,3.3,1.1,2.7,41.5,0.6,1.7,34.8,0.5,0.9,55.9,2.5,0.5,0.4,0.3,0.4,0,0,11.56
,Semi OjeleyeLAC/MIL,PF,30,13.5,3.3,1.0,3.3,30.3,0.5,1.7,30.0,0.8,1.0,79.3,2.5,0.3,0.2,0.2,0.3,0,0,6.69
,Sterling BrownDAL,SF,49,12.8,3.3,1.2,3.2,38.1,0.6,1.9,30.4,0.3,0.3,93.3,3.0,0.7,0.3,0.1,0.5,2,0,8.46
,Tim FrazierCLE/ORL,PG,12,17.3,3.3,1.2,3.8,31.1,0.5,1.4,35.3,0.4,0.8,55.6,1.6,2.8,0.3,0.1,1.3,0,0,3.32
,Trent ForrestUTAH,G,60,12.8,3.3,1.3,2.6,49.0,0.1,0.5,18.5,0.6,0.8,79.2,1.7,1.8,0.5,0.1,0.8,0,0,10.89
,Gabriel LundbergPHX,F,4,11.0,3.3,1.3,4.8,26.3,0.8,2.0,37.5,0.0,0.0,0.0,1.8,2.8,0.8,0.0,0.8,0,0,7.73
,Daishen NixHOU,SG,24,10.9,3.2,1.1,2.8,40.3,0.3,1.1,26.9,0.7,1.3,53.3,1.4,1.7,0.6,0.0,1.1,0,0,8.13
,Dalano BantonTOR,PG,64,10.9,3.2,1.3,3.2,41.1,0.2,0.8,25.5,0.4,0.7,59.1,1.9,1.5,0.4,0.2,0.8,0,0,10.06
,Jahmi'us RamseySAC,SG,19,7.1,3.2,1.3,3.1,41.4,0.3,0.9,27.8,0.4,0.7,50.0,0.7,0.4,0.1,0.1,0.3,0,0,7.92
,Rodney HoodLAC/MIL,SG,52,13.6,3.1,1.1,3.0,36.9,0.6,1.8,33.0,0.3,0.4,89.5,1.5,0.7,0.3,0.1,0.2,0,0,7.20
,Justin RobinsonSAC/MIL/DET,F,25,12.2,3.1,1.1,3.7,30.1,0.7,2.4,29.5,0.2,0.3,50.0,0.8,1.3,0.4,0.0,0.7,0,0,3.64
,Kevin Knox IIATL/NY,SF,30,7.4,3.1,1.0,2.8,36.5,0.5,1.8,27.8,0.5,0.7,72.7,1.5,0.3,0.1,0.1,0.2,0,0,10.85
,Devontae CacokSA,PF,15,8.1,3.1,1.4,2.1,67.7,0.0,0.0,0.0,0.3,0.5,57.1,2.8,0.4,0.5,0.5,0.2,0,0,20.22
,Keljin BlevinsPOR,SF,31,11.3,3.1,1.1,3.6,30.6,0.7,2.3,29.2,0.2,0.4,54.5,1.5,0.6,0.4,0.0,0.5,0,0,4.84
,Paul ReedPHI,SF,38,8.0,3.1,1.4,2.5,56.3,0.1,0.2,25.0,0.2,0.4,42.9,2.4,0.4,0.9,0.4,0.3,0,0,21.36
,Elfrid PaytonPHX,PG,50,11.0,3.0,1.3,3.5,38.3,0.1,0.4,22.2,0.2,0.6,37.5,1.8,2.0,0.5,0.1,0.9,0,0,7.89
,Paris BassPHX,F,2,3.5,3.0,1.0,3.0,33.3,0.0,1.0,0.0,1.0,1.0,100.0,2.0,0.0,0.5,0.0,1.0,0,0,14.03
,Matt RyanBOS,F,1,5.0,3.0,1.0,5.0,20.0,1.0,5.0,20.0,0.0,0.0,0.0,0.0,0.0,1.0,0.0,0.0,0,0,3.56
,Nick RichardsCHA,C,50,7.3,3.0,1.2,1.8,66.7,0.0,0.0,0.0,0.6,0.9,69.8,1.7,0.3,0.2,0.4,0.5,0,0,15.98
,Javonte SmartMIA/MIL,G,17,11.8,3.0,1.1,3.5,31.7,0.5,1.6,29.6,0.3,0.4,83.3,1.4,0.9,0.4,0.2,0.6,0,0,5.12
,Daniel OturuTOR,C,3,9.0,3.0,1.0,2.0,50.0,0.0,0.3,0.0,1.0,1.7,60.0,1.7,0.0,0.0,0.7,0.0,0,0,13.43
,Neemias QuetaSAC,C,15,8.0,3.0,1.1,2.5,44.7,0.0,0.0,0.0,0.7,1.1,64.7,2.1,0.4,0.1,0.5,0.4,0,0,12.79
,Charles BasseyPHI,C,23,7.3,3.0,1.3,2.0,63.8,0.0,0.2,0.0,0.4,0.5,75.0,2.7,0.3,0.2,0.7,0.3,1,0,21.50
,Trevon ScottCLE,F,2,5.5,3.0,1.5,3.0,50.0,0.0,0.5,0.0,0.0,0.0,0.0,1.0,0.0,0.5,0.5,0.0,0,0,20.54
,Tony BradleyCHI,C,55,10.0,3.0,1.3,2.2,58.5,0.0,0.0,0.0,0.3,0.5,65.5,3.4,0.5,0.2,0.6,0.6,0,0,14.94
,Bruno FernandoBOS/HOU,PF,30,5.1,2.9,1.2,1.8,65.5,0.0,0.1,50.0,0.5,0.8,62.5,1.8,0.2,0.0,0.4,0.5,2,0,21.25
,Denzel ValentineUTAH/CLE,G,24,9.3,2.9,1.0,2.8,37.9,0.8,2.0,40.4,0.0,0.0,0.0,1.8,0.5,0.3,0.0,0.5,0,0,8.10
,Skylar MaysATL,SG,28,7.9,2.9,1.1,2.3,50.0,0.3,0.9,32.0,0.3,0.3,88.9,0.9,0.6,0.3,0.0,0.4,1,0,11.76
,Vernon Carey Jr.WSH/CHA,C,7,6.3,2.9,1.0,1.9,53.8,0.0,0.0,0.0,0.9,1.9,46.2,1.7,0.0,0.3,0.1,0.4,0,0,15.87
,Tyler JohnsonSA/PHI,G,6,15.2,2.8,1.0,3.3,30.0,0.8,2.2,38.5,0.0,0.0,0.0,2.0,1.2,0.5,0.5,0.3,0,0,7.13
,Tyrone WallaceNO,G,6,12.5,2.8,1.2,3.3,35.0,0.3,1.3,25.0,0.2,0.8,20.0,1.3,0.2,0.5,0.2,0.3,0,0,2.57
,Aleem FordORL,F,5,14.8,2.8,1.2,4.0,30.0,0.4,3.0,13.3,0.0,0.0,0.0,3.0,0.4,0.2,0.0,0.8,0,0,0.50
,Quinndary WeatherspoonGS,SG,11,6.6,2.7,1.1,1.9,57.1,0.1,0.5,20.0,0.5,0.5,100.0,1.3,0.5,0.1,0.1,0.3,0,0,12.11
,Jay ScrubbLAC,G,18,6.7,2.7,1.0,2.6,39.1,0.3,1.2,28.6,0.4,0.6,70.0,0.9,0.4,0.2,0.2,0.4,0,0,9.30
,Josh OkogieMIN,SF,49,10.5,2.7,0.9,2.1,40.4,0.3,1.0,29.8,0.7,1.0,68.6,1.4,0.5,0.5,0.2,0.5,0,0,9.04
,Gary ClarkNO,F,38,9.9,2.7,0.9,2.3,37.5,0.7,1.8,40.0,0.2,0.3,70.0,2.4,0.5,0.3,0.2,0.3,0,0,11.42
,Devon DotsonCHI,G,11,7.7,2.6,1.0,2.1,47.8,0.2,0.8,22.2,0.5,0.8,55.6,0.8,1.4,0.1,0.0,0.5,0,0,9.88
,Chris SilvaMIA/MIN,F,10,9.1,2.6,0.8,1.5,53.3,0.0,0.0,0.0,1.0,1.2,83.3,3.6,0.7,0.0,0.1,0.8,0,0,11.62
,Gabriel DeckOKC,SF,7,8.0,2.6,1.1,2.0,57.1,0.3,0.6,50.0,0.0,0.0,0.0,0.9,0.7,0.1,0.0,0.3,0,0,11.57
,Theo PinsonDAL,G,19,7.8,2.5,0.7,2.1,35.9,0.5,1.6,33.3,0.5,0.5,100.0,1.1,0.9,0.3,0.1,0.3,0,0,11.93
,Juwan MorganBOS/TOR,F,2,15.5,2.5,1.0,1.5,66.7,0.5,1.0,50.0,0.0,0.0,0.0,2.0,0.5,0.0,0.0,0.0,0,0,8.28
,Sam HauserBOS,SF,26,6.1,2.5,0.9,1.9,46.0,0.7,1.7,43.2,0.0,0.0,0.0,1.1,0.4,0.0,0.1,0.1,0,0,14.80
,Udonis HaslemMIA,PF,13,6.4,2.5,1.1,2.4,45.2,0.1,0.3,25.0,0.2,0.2,100.0,1.9,0.3,0.1,0.1,0.4,0,0,8.65
,Abdel NaderPHX,SF,14,10.4,2.4,0.9,2.5,34.3,0.3,1.0,28.6,0.4,0.7,60.0,1.9,0.5,0.6,0.3,0.8,0,0,4.88
,Ish WainrightPHX,F,45,8.0,2.4,0.9,2.3,39.4,0.4,1.3,32.2,0.2,0.3,58.3,1.2,0.3,0.4,0.1,0.3,0,0,9.40
,Jake LaymanMIN,F,34,6.8,2.4,0.9,2.1,41.1,0.2,1.0,22.9,0.4,0.5,72.2,1.1,0.3,0.2,0.1,0.3,0,0,9.07
,Jalen JohnsonATL,SF,22,5.5,2.4,1.0,1.9,53.7,0.1,0.6,23.1,0.2,0.3,71.4,1.2,0.1,0.1,0.1,0.4,0,0,11.34
,Bol BolDEN,C,14,5.8,2.4,1.1,1.9,55.6,0.1,0.3,25.0,0.1,0.4,40.0,1.4,0.4,0.1,0.1,0.3,0,0,13.58
,Freddie GillespieORL,SF,9,13.2,2.3,1.0,2.4,40.9,0.0,0.1,0.0,0.3,0.8,42.9,4.0,0.6,0.3,1.0,0.6,0,0,9.47
,Haywood HighsmithMIA,F,19,8.6,2.3,0.8,2.4,34.8,0.5,1.5,32.1,0.1,0.3,40.0,1.4,0.3,0.1,0.2,0.2,0,0,7.01
,Nik StauskasBOS/MIA,G,8,4.9,2.3,0.6,1.8,35.7,0.5,1.3,40.0,0.5,0.8,66.7,0.4,0.3,0.0,0.0,0.1,0,0,10.50
,Justin ChampagnieTOR,SF,36,7.8,2.3,0.9,1.9,46.3,0.3,0.8,35.7,0.3,0.3,100.0,2.0,0.3,0.2,0.1,0.2,0,0,13.58
,Miles McBrideNY,PG,40,9.3,2.2,0.8,2.7,29.6,0.4,1.7,25.0,0.2,0.3,66.7,1.1,1.0,0.4,0.0,0.1,0,0,6.17
,Dylan WindlerCLE,SG,50,9.2,2.2,0.7,2.0,37.8,0.4,1.4,30.0,0.3,0.4,83.3,1.8,0.7,0.3,0.1,0.3,0,0,8.80
,Jericho SimsNY,C,41,13.5,2.2,1.0,1.3,72.2,0.0,0.0,0.0,0.3,0.7,41.4,4.1,0.5,0.3,0.5,0.5,1,0,11.65
,Justin JacksonBOS/PHX,SF,7,5.1,2.1,0.7,2.1,33.3,0.4,1.3,33.3,0.3,0.3,100.0,1.0,0.3,0.0,0.0,0.1,0,0,7.72
,Jeff Dowtin Jr.MIL/ORL/GS,PG,9,12.0,2.1,0.9,2.9,30.8,0.1,1.0,11.1,0.2,0.2,100.0,2.0,1.1,0.6,0.1,0.6,0,0,6.78
,Joe WieskampSA,SF,29,7.1,2.1,0.7,1.9,35.7,0.5,1.5,32.6,0.2,0.4,53.8,0.5,0.3,0.1,0.1,0.1,0,0,7.14
,JT ThorCHA,PF,33,7.9,2.0,0.7,1.7,43.6,0.2,0.8,25.9,0.4,0.6,60.0,1.3,0.6,0.2,0.3,0.3,0,0,9.73
,Joe JohnsonBOS,G,1,2.0,2.0,1.0,1.0,100.0,0.0,0.0,0.0,0.0,0.0,0.0,0.0,0.0,0.0,0.0,0.0,0,0,38.92
,Langston GallowayMIL/BKN,SG,7,15.3,2.0,0.9,3.7,23.1,0.3,2.3,12.5,0.0,0.0,0.0,2.6,1.7,0.1,0.0,0.9,0,0,0.72
,Norvel PelleBOS/UTAH,PF,3,6.3,2.0,1.0,1.7,60.0,0.0,0.0,0.0,0.0,0.0,0.0,2.0,0.0,0.0,0.3,0.7,0,0,12.29
,Damyean DotsonNY,SG,2,10.5,2.0,1.0,2.0,50.0,0.0,0.5,0.0,0.0,0.0,0.0,1.0,0.5,0.0,0.0,0.0,0,0,6.39
,Shaquille HarrisonBKN/MEM,G,2,11.5,2.0,1.0,3.0,33.3,0.0,1.0,0.0,0.0,0.0,0.0,2.0,1.5,0.5,0.5,1.0,0,0,4.62
,Craig SwordWSH,G,3,6.3,2.0,1.0,1.3,75.0,0.0,0.3,0.0,0.0,0.0,0.0,0.0,0.3,1.3,0.0,0.3,0,0,14.27
,Luke KornetBOS/MIL/CLE,C,15,6.9,2.0,0.9,1.8,48.1,0.0,0.3,0.0,0.3,0.4,66.7,1.9,0.6,0.3,0.2,0.0,0,0,17.16
,Ahmad CaverIND,G,1,1.0,2.0,1.0,1.0,100.0,0.0,0.0,0.0,0.0,0.0,0.0,0.0,0.0,0.0,0.0,0.0,0,0,76.58
,Cassius WinstonWSH,PG,7,5.6,2.0,0.6,1.6,36.4,0.3,0.9,33.3,0.6,0.6,100.0,0.1,1.0,0.0,0.0,0.4,0,0,6.01
,Jemerrio JonesLAL,F,2,7.5,2.0,1.0,1.5,66.7,0.0,0.0,0.0,0.0,0.0,0.0,1.5,0.0,0.5,0.0,0.0,0,0,14.85
,Usman GarubaHOU,PF,24,10.0,2.0,0.8,1.8,43.2,0.2,0.8,25.0,0.2,0.3,71.4,3.5,0.7,0.4,0.5,0.3,0,0,12.95
,Chris ChiozzaGS,G,34,10.9,2.0,0.7,2.4,29.6,0.5,1.6,32.1,0.1,0.1,66.7,1.1,1.9,0.4,0.0,0.9,0,0,4.45
,Marko SimonovicCHI,C,9,3.9,1.9,0.4,1.7,26.7,0.1,0.6,20.0,0.9,1.2,72.7,1.1,0.0,0.1,0.1,0.2,0,0,10.21
,Alize JohnsonNO/CHI/WSH,F,23,7.3,1.8,0.7,1.7,43.6,0.0,0.2,0.0,0.3,0.5,58.3,2.7,0.4,0.2,0.0,0.5,0,0,10.72
,Eugene OmoruyiDAL,F,4,4.5,1.8,0.5,1.3,40.0,0.3,0.5,50.0,0.5,1.0,50.0,1.8,0.5,0.0,0.0,0.0,0,0,17.04
,Brodric ThomasBOS,G,12,5.0,1.8,0.7,1.5,44.4,0.2,0.8,22.2,0.3,0.4,60.0,0.8,0.9,0.1,0.1,0.5,0,0,10.05
,Willie Cauley-SteinDAL/PHI,C,20,9.2,1.7,0.8,1.8,45.7,0.1,0.1,50.0,0.1,0.1,50.0,2.0,0.5,0.3,0.2,0.4,0,0,8.30
,Isaiah ToddWSH,PF,12,6.2,1.7,0.6,2.2,26.9,0.3,1.3,25.0,0.2,0.5,33.3,1.0,0.3,0.3,0.2,0.3,0,0,4.77
,Wayne SeldenNY,F,3,6.3,1.7,0.3,1.3,25.0,0.3,0.7,50.0,0.7,1.3,50.0,0.3,0.3,0.0,0.0,0.0,0,0,4.27
,Kevin PangosCLE,G,24,6.9,1.6,0.6,1.9,32.6,0.3,1.1,23.1,0.1,0.2,75.0,0.5,1.3,0.1,0.0,0.3,0,0,6.50
,Ryan ArcidiaconoNY,G,10,7.6,1.6,0.6,1.2,50.0,0.4,0.9,44.4,0.0,0.0,0.0,0.8,0.4,0.1,0.0,0.3,0,0,6.14
,Emmanuel MudiaySAC,G,2,5.5,1.5,0.0,1.0,0.0,0.0,0.0,0.0,1.5,2.0,75.0,0.0,2.0,0.5,0.0,0.5,0,0,12.31
,Rob EdwardsOKC,G,2,5.5,1.5,0.5,2.0,25.0,0.5,2.0,25.0,0.0,0.0,0.0,1.5,0.0,0.0,0.0,0.5,0,0,-0.82
,Leandro BolmaroMIN,SG,35,6.9,1.4,0.5,1.5,31.5,0.1,0.5,27.8,0.3,0.4,84.6,1.2,0.6,0.2,0.0,0.4,0,0,5.44
,Malik FittsBOS/UTAH,F,15,4.2,1.4,0.5,1.3,42.1,0.3,0.7,50.0,0.0,0.0,0.0,1.1,0.3,0.0,0.0,0.1,0,0,10.76
,Charlie Brown Jr.DAL/PHI,G,22,8.1,1.4,0.5,1.8,25.6,0.0,0.5,8.3,0.4,0.5,90.0,1.5,0.3,0.5,0.2,0.2,0,0,6.48
,Darren CollisonLAL,PG,3,12.3,1.3,0.7,2.3,28.6,0.0,1.0,0.0,0.0,0.0,0.0,1.3,0.7,0.3,0.0,0.3,0,0,-0.20
,Moses WrightLAC/DAL,F,4,3.8,1.3,0.3,1.0,25.0,0.0,0.3,0.0,0.8,0.8,100.0,0.8,0.5,0.0,0.3,0.0,0,0,18.33
,Jordan SchakelWSH,F,4,7.5,1.3,0.3,2.8,9.1,0.3,1.5,16.7,0.5,0.5,100.0,2.0,0.0,0.3,0.0,0.3,0,0,-1.21
,Myles PowellPHI,G,11,4.7,1.2,0.5,1.5,29.4,0.1,0.5,16.7,0.2,0.2,100.0,0.5,0.3,0.1,0.0,0.3,0,0,0.24
,Tacko FallCLE,C,11,5.4,1.1,0.5,1.1,41.7,0.0,0.0,0.0,0.2,0.6,28.6,2.1,0.2,0.0,0.5,0.3,0,0,11.32
,Marcus GarrettMIA,SG,12,10.7,1.1,0.4,1.8,23.8,0.1,0.3,25.0,0.2,0.4,40.0,1.9,0.6,0.4,0.3,0.2,0,0,4.68
,Yves PonsMEM,SG,12,5.9,1.1,0.4,1.3,31.3,0.3,0.8,33.3,0.0,0.2,0.0,1.0,0.1,0.1,0.3,0.1,0,0,5.91
,Petr CornelieDEN,F,13,2.9,1.1,0.4,1.2,33.3,0.1,0.6,12.5,0.2,0.3,75.0,1.1,0.2,0.1,0.1,0.3,0,0,9.66
,RJ Nembhard Jr.CLE,SG,14,4.5,1.1,0.4,1.3,33.3,0.0,0.1,0.0,0.2,0.3,75.0,0.5,0.9,0.1,0.0,0.2,0,0,8.06
,Kai JonesCHA,PF,21,3.0,1.0,0.4,0.7,64.3,0.0,0.1,50.0,0.1,0.4,37.5,0.5,0.2,0.0,0.1,0.3,0,0,9.26
,Dakota MathiasMEM,G,6,2.7,1.0,0.3,1.0,33.3,0.3,1.0,33.3,0.0,0.0,0.0,0.3,0.2,0.2,0.0,0.0,0,0,11.04
,McKinley Wright IVMIN,PG,5,3.8,1.0,0.4,0.6,66.7,0.2,0.4,50.0,0.0,0.0,0.0,0.0,0.6,0.0,0.0,0.2,0,0,9.57
,Shaq BuchananMEM,F,2,5.0,1.0,0.5,2.0,25.0,0.0,1.0,0.0,0.0,0.0,0.0,1.0,1.0,0.5,0.0,1.0,0,0,0.62
,Deividas SirvydisDET,F,3,9.0,1.0,0.3,3.3,10.0,0.3,2.3,14.3,0.0,0.0,0.0,2.0,0.3,1.0,0.3,0.0,0,0,0.14
,Tyrell TerryMEM,PG,2,1.5,1.0,0.5,0.5,100.0,0.0,0.0,0.0,0.0,0.0,0.0,0.0,0.0,0.0,0.0,0.0,0,0,20.07
,Jaden SpringerPHI,G,2,3.0,1.0,0.5,0.5,100.0,0.0,0.0,0.0,0.0,0.0,0.0,1.0,0.0,0.0,1.0,0.5,0,0,26.42
,Ed DavisCLE,C,31,6.5,0.9,0.4,0.5,68.8,0.0,0.0,0.0,0.2,0.5,42.9,2.1,0.2,0.1,0.3,0.2,0,0,9.35
,Carlik JonesDAL/DEN,G,5,4.6,0.8,0.2,1.8,11.1,0.0,0.2,0.0,0.4,0.4,100.0,0.6,1.0,0.2,0.0,0.6,0,0,-1.75
,Isaac BongaTOR,G,15,4.6,0.8,0.2,0.9,23.1,0.1,0.3,25.0,0.3,0.5,62.5,0.5,0.3,0.5,0.1,0.1,0,0,8.75
,Chandler HutchisonPHX,SF,6,3.7,0.7,0.2,0.3,50.0,0.0,0.0,0.0,0.3,0.3,100.0,0.8,0.3,0.0,0.0,0.7,0,0,1.01
,DaQuan JeffriesMEM,SG,3,3.0,0.7,0.3,0.7,50.0,0.0,0.3,0.0,0.0,0.0,0.0,0.7,0.3,0.0,0.0,0.0,0,0,8.38
,Jaylen MorrisSA,F,3,5.3,0.7,0.0,2.0,0.0,0.0,0.7,0.0,0.7,1.3,50.0,0.7,0.7,0.0,0.0,0.3,0,0,-11.44
,Jarron CumberlandPOR,SG,3,4.0,0.7,0.3,0.7,50.0,0.0,0.3,0.0,0.0,0.0,0.0,1.0,0.3,0.0,0.0,0.0,0,0,8.44
,Solomon HillATL,SF,13,10.7,0.6,0.2,1.5,15.0,0.2,1.0,15.4,0.0,0.0,0.0,1.8,0.9,0.3,0.2,0.1,0,0,3.30
,Robert Woodard IISAC/SA,F,12,3.5,0.6,0.2,1.3,12.5,0.1,0.3,25.0,0.2,0.2,100.0,0.9,0.3,0.1,0.1,0.1,0,0,2.12
,Xavier SneedUTAH/MEM,F,9,4.3,0.6,0.2,1.1,20.0,0.1,0.9,12.5,0.0,0.0,0.0,0.7,0.1,0.0,0.0,0.0,0,0,0.46
,Sharife CooperATL,PG,13,3.0,0.5,0.2,1.1,21.4,0.1,0.5,16.7,0.0,0.0,0.0,0.4,0.4,0.0,0.0,0.4,0,0,-5.39
,Scottie LewisCHA,SG,2,3.5,0.5,0.0,0.0,0.0,0.0,0.0,0.0,0.5,1.0,50.0,0.0,0.5,0.5,0.0,0.0,0,0,14.61
,Aaron HenryPHI,SF,6,2.8,0.3,0.2,0.8,20.0,0.0,0.2,0.0,0.0,0.0,0.0,0.2,0.0,0.0,0.3,0.3,0,0,-7.34
,Miye OniNO/UTAH,SG,16,2.8,0.3,0.1,0.6,22.2,0.1,0.5,12.5,0.0,0.1,0.0,0.4,0.3,0.0,0.0,0.1,0,0,0.40
,Joel AyayiWSH,G,7,2.9,0.3,0.1,0.9,16.7,0.0,0.1,0.0,0.0,0.0,0.0,0.4,0.6,0.0,0.0,0.0,0,0,3.43
,George KingDAL,F,4,4.8,0.3,0.0,1.3,0.0,0.0,1.0,0.0,0.3,0.5,50.0,1.3,0.0,0.0,0.0,0.3,0,0,-12.28
